,"Keith recently came back from a trip to Chicago, Illinois. This midwestern metropolis is found along the shore of Lake Michigan. During his visit, Keith spent a lot of time exploring the city to visit important landmarks and monuments.
Keith loves baseball, and he made sure to take a visit to Wrigley Field. Not only did he take a tour of this spectacular stadium, but he also got to watch a Chicago Cubs game. In the stadium, Keith and the other fans cheered for the Cubs. Keith was happy that the Cubs won with a score of 5-4.
Chicago has many historic places to visit. Keith found the Chicago Water Tower impressive as it is one of the few remaining landmarks to have survived the Great Chicago Fire of 1871. Keith also took a walk through Jackson Park, a great outdoor space that hosted the World’s Fair of 1892. The park is great for a leisurely stroll, and it still features some of the original architecture and replicas of monuments that were featured in the World’s Fair.
During the last part of his visit, Keith managed to climb the stairs inside of the Willis Tower, a 110-story skyscraper. Despite the challenge of climbing the many flights of stairs, Keith felt that reaching the top was worth the effort. From the rooftop, Keith received a gorgeous view of the city’s skyline with Lake Michigan in the background.",7.884285714285717
0,"There can be different kinds of entertainment at a wedding reception. Usually there will be a Master of Ceremonies, or MC, who helps move the reception along by making announcements of what will happen next. For example, the MC will announce when the newly married couple enters the reception hall, and all the guests will stand up and applaud. A wedding reception usually has music and guests are expected to dance. The music can be provided by a DJ or by a live band. Sometimes the DJ or live band will accept requests from guests to play a certain song. When the newly married couple enters the reception, they will share a dance by themselves to a song they picked beforehand. Usually the song is something romantic and represents the couple's love for one another. Sometimes the bride will share a dance with her father and the groom will share a dance with his mother. After these special dances, the guests are invited to the dance floor.
 
Food at a wedding reception can be buffet style, where everyone serves himself or herself, or it can be a sit-down meal served by waiters. Guests get to choose among a meat, chicken or fish deal. Guests generally make their choices when they respond to the initial wedding invitations.
During a wedding, guests shouldn't expect to spend too much time with the bride and groom. The new couple is usually very busy greeting all of their guests. Sometimes the couple doesn't even get a chance to eat. What almost every newly married couple does get to eat at their wedding reception is the wedding cake. The bride and groom traditionally cut through the wedding cake together, and then feed the other person a bite.",7.908127147766322
1,"Valentine's Day, February 14, is a holiday that celebrates love and friendship in the United States. Most people think of it as a romantic day to show the one you love how much you care by purchasing cards and gifts. Valentine's Day is also an extremely commercial holiday. People spend money on flowers, balloons, chocolate, stuffed animals, and jewelry. People also go out for expensive dinners. Valentine's Day is even celebrated by school children, who give thank-you cards to their teachers. Some high schools have Valentine's Day dances. Classmates give each other little cards. These cards can be purchased at any store with famous cartoon characters. It is considered much more thoughtful to have kids make handmade cards to give to friends and teachers.
 
Valentine's Day is also a great day to announce your love to someone like a secret crush. Some people even get married on Valentine's Day. However, you don't have to be in love to share in the festivities. You can say ""Happy Valentine's Day"" to friends and coworkers.
Valentine's Day is not an official holiday though in the U.S., meaning government offices and schools are open as usual. The date used to be the celebration of a Saint named Valentine who allegedly saved a young girl's life. It wasn't until the Middle Ages that romance somehow got mixed in with the date and lovers would send each other handwritten love notes. Back then you couldn't just go to the store and buy a card the way you can now.
You know Valentine's Day is around the corner when stores begin to decorate with red and pink hearts and the symbol of Cupid, a winged ancient Roman god said to strike the hearts of people Now it seems Cupid goes straight after your wallet because you will also see many more jewelry ads as Valentine's Day approaches.",7.736290322580647
2,"Who says adult parties have to be boring. More and more adults are reliving their childhoods or creating memories they didn't have as children by having theme parties for their birthday or other occasions.
Theme parties are based on an idea, a television show, a fictional character, or really anything. Sometimes guests are expected to dress according to the theme as well. For example, the Toga party is a type of theme party where guests are expected to dress in togas, really just white sheets. Toga parties used to be especially popular among college students. In a masquerade party, everyone wears a mask and has to guess who is behind it. The mystery is part of the fun. Speaking of mystery, there are murder mystery parties, where the guests have to solve a fake murder. Some adults throw parties based on seasons. A summer beach party, for example, might feature guests wearing their swimsuits. Another popular type of theme party is the game night party. In this type of party, people get together to play various board games. A variation of the game night party is the casino party, where adults play games typically found in a casino-like blackjack or poker.
Another theme party could focus on a specific region or country. For example, a Mexican theme party might feature tacos, the colors of the Mexican flag and Mexican music. Guests should be careful when dressing up for these types of theme parties though. Dressing up like a certain ethnic or racial group is usually considered offensive. It's better to just enjoy the food, and not portray a stereotype.",8.223772255918607
3,"﻿Serial dater Emmanuel Limal was tired of meeting women who weren’t ready to start a family, or at least wouldn’t admit that they were. The 43-year-old actor, originally from France, had spent 20 years living in Copenhagen and looking for love in the hope of raising children. He recently took his quest online but was dismayed by the results. 
“I got frustrated with everyone trying to sell themselves as really active, always travelling or with a long list of hobbies, but no mention of children,” Limal said. “On some sites, there was an option to click, saying: 'I’d like kids someday,' but you would read the person’s profile and think: 'You will never have time!' If someone’s going to the gym eight times a week and travelling every month, they are not putting a family first.” 
Limal has a six-year-old daughter from a previous relationship, but coming from a big family – his father is one of 11 – he has always wanted more children. “I couldn’t seem to meet anyone willing to prioritize starting a family and struggled with when to mention wanting kids any time I met someone new. It’s the ultimate dating taboo,” he said. “Then one day I read a profile from a 38-year-old who said she knew it was 'really bad to admit' but she wanted children. And I just thought: 'You shouldn’t be ashamed of this.'” 
Limal remortgaged his apartment to fund the setting up of Babyklar.nu – or 'baby-ready now' in English. It functions like a normal dating site but every potential dater is asked to be honest about their wish to start a family soon. “We ask people if they are OK with someone who already has children as well as wanting another baby,” Limal said. “But we don’t make them specify how many children they’d like. That would be a bit too much like grocery shopping online.” 
The response to the site has been overwhelming, he said. “We had 50 sign-ups an hour when we launched in June and we are already hearing from couples who have met through the site and are now together. I’m fully expecting the first Babyklar.nu baby by next summer.” More men have signed up than women (53% to 47%), with testimonials such as “It’s so lovely to be able to say this out loud” and “I finally dare to be honest about what I want.” 
The site has come at an opportune time for the country of five million people. Danes are not having enough babies, according to a report from the Copenhagen hospital Rigshospitalet, and the current rate of 1.7 children per family is not enough to maintain Denmark’s population. The usual suspects are being blamed for the new low – women leaving it “too late” and couples cohabiting and waiting to start families. 
“Now, I hope, men and women who want to start a family but haven’t met the right person yet will have another option,” says Limal. He’s keen to point out that this isn’t just about baby farming: “I want this to be about children and love. My goal is to pair up people who really want a family and a partner – and who’ll stay together. I’m a romantic at heart.” 
There are plans to roll out the site in France and the UK later in 2013, but for now it is the Danes who are reaping the benefits. “Danes have no problem having children before marriage so things can move fast and, because the country’s so small, a Jutlander can date a Copenhagener without too much travel,” Limal said. What’s more, Limal has finally found love. “I’ve met a nice woman and she wants a baby too – so we shall see.”
",8.202425874725908
