0,0,"Maria was learning to add numbers. She liked to add numbers. It was easy to add numbers. She could add one and one. She knew that one and one are two. She knew that two and two are four. She knew that three and three are six. But that was it. She didn't know what four and four are. She asked her mom. Her mom told her that four and four are eight. ""Oh, now I know,"" Maria said. ""I am four years old now. In four more years, I will be eight."" Maria was a fast learner. She wasn't a slow learner."
0,1,It was New Year's Day. He lived in Las Vegas. He drove over to a casino. He walked over to a roulette table. He bought one chip for $100. He flipped a coin. He caught the coin. It was heads. He put the $100 chip on red. The dealer spun the roulette wheel. The wheel went round and round. The dealer pushed the silver ball. The ball went round and round. The wheel slowed down. The ball slowed down. The ball dropped into a red slot. He won! The dealer gave him a $100 chip. He gave the dealer a $10 tip. He cashed in both his chips. He went home. He felt good. It was going to be a good year.
0,2,Soccer is a fun game. It is very popular. It is popular all over the world. It is fun to watch. It is fun to play. It is a simple game. There are two teams. They play on a big grassy field. There is one ball. There are two goals with nets. Each team tries to kick the ball into the other team's net. The players cannot use their hands. They cannot touch the ball with their hands. They use their feet to move the ball. They use their chests to move the ball. They use their heads to move the ball. The players run back and forth. They slide on the grass. They crash into one another. They play to win.
2,0,Dad took his son Chris to the baseball game. The Los Angeles Dodgers were playing the San Francisco Giants. The Dodgers were the home team. The Giants were the visiting team. Dad and Chris walked into Dodger Stadium. Many people were there. Most of them wanted to see the Dodgers win. They wanted to see the Giants lose. Dad and Chris found their seats. They sat down. The game had already started. Chris told his dad he was hungry. His dad bought two bags of peanuts for Chris. He bought two hot dogs for Chris. He bought a big soda for Chris. A foul ball came their way. People dived for the foul ball. They knocked Chris' soda over. His dad bought him another soda.
2,1,"Hi, I would like to know my credit balance.
Of course. May I have your credit card number?
Yes, it's 512879346. My name is John.
Alright, John. You currently have no dues on your credit card.
Really? I finally paid it off?
Yes, sir. Your balance is officially zero.
I must admit I am proud of myself!
Is there anything else you'd like me to check, sir?
Yes, can you change my card status from a college to normal account?
Of course, but you'll have to come to the bank to do that.
Alright, I'll be down first thing tomorrow.
Sounds good, sir. Have a good day."
2,2,"I'm so frustrated. I can't find any books on my research topic at my library.
Why don't you try a different library?
I don't want to waste gas money.
But you might find your book.
What library do you suggest?
I suggest the one near my house.
That is way too far for me.
They have a lot of books. That library has never disappointed me.
I have an idea! Why don't you borrow them for me?
I don't know about that. What if you lose the books?
I won't. I swear on my life.
Wow, you're so serious."
4,0,"Hi Samia,
Just a quick email to say that sounds like a great idea. Saturday is better for me because I'm meeting my parents on Sunday. So if that's still good for you, why don't you come here? Then you can see the new flat and all the work we've done on the kitchen since we moved in. We can eat at home and then go for a walk in the afternoon. It's going to be so good to catch up finally. I want to hear all about your new job!
Our address is 52 Charles Road, but it's a bit difficult to find because the house numbers are really strange here. If you turn left at the post office and keep going past the big white house on Charles Road, there's a small side street behind it with the houses 50–56 in. Don't ask me why the side street doesn't have a different name! But call me if you get lost and I'll come and get you.
Let me know if there's anything you do/don't like to eat. Really looking forward to seeing you!
See you soon!
Gregor"
4,1,"I had the most wonderful childhood. I grew up in San Diego, where it rains about two days a year, and it's always sunny and bright. I could ride my bike just about any day of the year, and had lots of friends. My best friend was George Kenny. George lived just a few houses down the block from me and we were the same age. Actually, I was about 28 days older than him – a fact that I always threw in his face. ""You must respect your elders,"" I would sometimes tell him. That usually got a nasty response from him. Anyway, George came up to me one day and said, ""Hey Richard, why don't we form a bicycle club?""
 
I thought about it for a while, and then he said, ""We could give ourselves a cool name and get hats and stickers and have lots of fun. What do you say?""  I immediately fell in love with the idea. ""You bet, Georgie Porgy!""  I used to call him that all the time even though I knew he hated it. Well before we knew it, we got a couple of other guys together and came up with the best name for a club ever. We were the ""White Skulls.""  Why we chose that name, I'll never know, but all the kids seemed to like it, so I was okay with it, too.
The four of us went to the local bike shop and we each picked out a skull decal to put on our bikes. I chose a green one, while Georgie Porgy picked red. He shouted: ""I am the red skull! I am the king of the club! If you don't like it, try to take it from me!""  George was a pretty big guy, so no one argued with him. We rode our bikes everywhere and had a great summer. That's how we formed the greatest bike club ever!"
4,2,"Brian Nelson got his first skateboard when he was 9 years old. He started skating right away. He had friends at school that knew how to skate, so he would go to their houses after school. As time went by, Brian got better and better at skating. He could do a lot of tricks on his skateboard, but what Brian really loved was jumping over stairs with his skateboard. His record was 15 stairs, but he wanted to beat that record. Brian and his friends went to the Hollywood 18, where a lot of skaters go to make skating videos.
 
Brian knew that if he jumped over those stairs, he would become a legend with his friends. As he went up to the stairs, he started counting each stair one by one. He wanted to make sure they passed 15. On his first try, Brian jumped off his skateboard and landed on the grass next to the stairs. He wanted to try again, but he was scared. He finally got the nerve to try it again. This time he actually jumped over some stairs. Unfortunately, he didn't pass the 16th step in the staircase. He fell off his board, but he didn't get that hurt. Some girls were looking at Brian, and asked him if he could do it again. Brian knew he had to get it this time.
As Brian prepared for his jump, he kept looking at the girls that had gathered to see him. He was breathing heavy, but he knew he could do it. The time had arrived. Brian was ready to try it again. He pushed off the pavement, and started pedaling his skateboard faster and faster. He got to the top of the stairs and then he jumped. Brian was in the air for about 5 seconds and then he landed. The girls all applauded, and then Brian stopped his skateboard. He had done it. He beat his record. All the girls went up to give him a hug, but they all stayed away because he smelled. He started laughing. Everyone laughed and congratulated Brian.
"
6,0,"Bob knew that the house he just purchased was in a historically rough neighborhood. There was a history of gang violence, including shootings, in the neighborhood. That is probably why the house was so inexpensive. The previous owners of the house had it foreclosed. Then some house flippers bought the property for a very cheap price, renovated it, raised the sales price, and sold it. Bob thought the house was still a good bargain though.
 
After he moved in, Bob began to see that many of the renovations to the home were merely cosmetic. While the house flippers put in new stainless steel appliances in the kitchen, they hadn't upgraded the electrical work. This meant that every time Bob ran the dishwasher and the coffee machine, all the power in the house went out. Bob spent over $1,000 dollars to have the house rewired. The new carpets that the house flippers installed was put over the original hardwood floors. Bob decided to rip out the ugly oatmeal colored carpets and refinish the old floors. That was another $3,000.
The house was an old stucco house that got very hot in the summer and cold in the winter. The house flippers installed some cheap windows. Bob hired a contractor to put in new double pane storm windows and install ceiling fans. That was another few thousand dollars. Bob wanted to make the house energy efficient, so he leased solar panels that were installed on the roof. This not only lowered his monthly electric bill, but added value to the home.
Within two years, all the changes Bob made to the house totaled more than $20,000. In that time the value of his home rose almost $100,000. Bob felt he made a good investment. He knew when he sold the home, he would get more money than he paid.
"
6,1,"At precisely 6 a.m., the sound of the alarm clock pierces the air. Sandy drags herself out of bed and begins her morning routine with a quick shower. After her shower, she prepares a simple breakfast. Grabbing a clean bowl from the dishwasher, she empties into it a packet of instant oatmeal. She pours in a cup of milk, stirs and heats the mixture in the microwave. While waiting for her oatmeal to cook, she dresses for the day, mindful of the weather.
 
Fully dressed now, she removes her oatmeal from the microwave, which has now cooled just enough to suit her taste. It is her favorite flavor, apple cinnamon. As she savors each bite, she is reminded of her mother, who always made sure Sandy ate a warm breakfast before leaving the house in the morning.
Checking the time on her phone, she hurriedly swallows the last few mouthful of oatmeal before heading out. As she steps into the street, a gust of wind blows back her hair. She covers her head with the hood of her coat, tightens the scarf around her neck, and braces for her walk to the train station.
After settling into her seat on the train, memories of her mother stir again. She takes out her phone and texts: ""Hey mom, thanks for the scarf you knit me. It came in real handy this morning. Love always."""
6,2,"The Mexican national soccer team had just won a match against Croatia in the World Cup. This meant that Mexico advanced to the next round. Mexican soccer fans worldwide are known for loyalty to their team. After this win, however, some wonder if they took their loyalty too far.
 
In Huntington Park, California, fans took to the street after the win. The afternoon crowd grew to almost 200 people. The fans waved flags, yelled, honked their cars, and jumped around the streets. The crowd was so big that they blocked traffic. This caused traffic jams in the area. While most of these fans were just overzealous, a handful were intoxicated. Instead of just celebrating, they began throwing bottles. Some of the fans even began rocking cars parked on the streets. Police were called to the scene. Not only did the local police department send in patrol cars, two police helicopters flew overhead and some police on horseback began to try to disperse the crowd. Someone threw a bottle at a police horse. Police urged shop owners to close their businesses. The police arrested five people. Thankfully no one was hurt.
When Mexico played again the following week, police patrolled the streets in advance. This time they were going to be prepared if Mexico won again. Mexico was playing against the Netherlands. The Dutch team won 2-1. Mexican fans in Huntington Park still took to the streets despite the loss. This time the police were waiting in riot gear. The fans waved flags, chanted, honked horns, rocked cars and even lit firecrackers but no one threw bottles. The police didn't arrest anyone. They did have to close off three blocks to traffic, though. The police were probably secretly glad that Mexico didn't win. In four years, when the next World Cup happens, they'll worry about it again."
8,0,"There can be different kinds of entertainment at a wedding reception. Usually there will be a Master of Ceremonies, or MC, who helps move the reception along by making announcements of what will happen next. For example, the MC will announce when the newly married couple enters the reception hall, and all the guests will stand up and applaud. A wedding reception usually has music and guests are expected to dance. The music can be provided by a DJ or by a live band. Sometimes the DJ or live band will accept requests from guests to play a certain song. When the newly married couple enters the reception, they will share a dance by themselves to a song they picked beforehand. Usually the song is something romantic and represents the couple's love for one another. Sometimes the bride will share a dance with her father and the groom will share a dance with his mother. After these special dances, the guests are invited to the dance floor.
 
Food at a wedding reception can be buffet style, where everyone serves himself or herself, or it can be a sit-down meal served by waiters. Guests get to choose among a meat, chicken or fish deal. Guests generally make their choices when they respond to the initial wedding invitations.
During a wedding, guests shouldn't expect to spend too much time with the bride and groom. The new couple is usually very busy greeting all of their guests. Sometimes the couple doesn't even get a chance to eat. What almost every newly married couple does get to eat at their wedding reception is the wedding cake. The bride and groom traditionally cut through the wedding cake together, and then feed the other person a bite."
8,1,"Valentine's Day, February 14, is a holiday that celebrates love and friendship in the United States. Most people think of it as a romantic day to show the one you love how much you care by purchasing cards and gifts. Valentine's Day is also an extremely commercial holiday. People spend money on flowers, balloons, chocolate, stuffed animals, and jewelry. People also go out for expensive dinners. Valentine's Day is even celebrated by school children, who give thank-you cards to their teachers. Some high schools have Valentine's Day dances. Classmates give each other little cards. These cards can be purchased at any store with famous cartoon characters. It is considered much more thoughtful to have kids make handmade cards to give to friends and teachers.
 
Valentine's Day is also a great day to announce your love to someone like a secret crush. Some people even get married on Valentine's Day. However, you don't have to be in love to share in the festivities. You can say ""Happy Valentine's Day"" to friends and coworkers.
Valentine's Day is not an official holiday though in the U.S., meaning government offices and schools are open as usual. The date used to be the celebration of a Saint named Valentine who allegedly saved a young girl's life. It wasn't until the Middle Ages that romance somehow got mixed in with the date and lovers would send each other handwritten love notes. Back then you couldn't just go to the store and buy a card the way you can now.
You know Valentine's Day is around the corner when stores begin to decorate with red and pink hearts and the symbol of Cupid, a winged ancient Roman god said to strike the hearts of people Now it seems Cupid goes straight after your wallet because you will also see many more jewelry ads as Valentine's Day approaches."
8,2,"Who says adult parties have to be boring. More and more adults are reliving their childhoods or creating memories they didn't have as children by having theme parties for their birthday or other occasions.
Theme parties are based on an idea, a television show, a fictional character, or really anything. Sometimes guests are expected to dress according to the theme as well. For example, the Toga party is a type of theme party where guests are expected to dress in togas, really just white sheets. Toga parties used to be especially popular among college students. In a masquerade party, everyone wears a mask and has to guess who is behind it. The mystery is part of the fun. Speaking of mystery, there are murder mystery parties, where the guests have to solve a fake murder. Some adults throw parties based on seasons. A summer beach party, for example, might feature guests wearing their swimsuits. Another popular type of theme party is the game night party. In this type of party, people get together to play various board games. A variation of the game night party is the casino party, where adults play games typically found in a casino-like blackjack or poker.
Another theme party could focus on a specific region or country. For example, a Mexican theme party might feature tacos, the colors of the Mexican flag and Mexican music. Guests should be careful when dressing up for these types of theme parties though. Dressing up like a certain ethnic or racial group is usually considered offensive. It's better to just enjoy the food, and not portray a stereotype."
10,0,"-LRB- The Hollywood Reporter -RRB- It's official: AMC's The Walking Dead companion series has a title.
Executive producer Robert Kirkman announced Friday that the companion series, which starts as a prequel to the original, will be titled Fear The Walking Dead. 
The news comes as the companion went through development season -- and was picked up to series and preemptively renewed for a second season -- under code names including Cobalt and Fear The Walking Dead. 
On March 9, AMC announced the series pickup and renewal for the then-untitled series.
Kirkman, who created The Walking Dead comic series, co-wrote the pilot with Dave Erickson of Sons of Anarchy. Kirkman and Erickson will executive produce alongside Walking Dead's Gale Anne Hurd and Dave Alpert. Erickson will serve as showrunner, and Adam Davidson will direct the pilot. Walking Dead visual effects guru Greg Nicotero will also executive produce the series.
While AMC has been tight-lipped on the seriespremise, sources tell The Hollywood Reporter that the drama is a prequel that takes place in Los Angeles at the onset of the zombie outbreak. AMC confirmed that the companion series is set in Los Angeles but revealed nothing more beyond that it will focus on new characters and storylines.
Cliff Curtis -LRB- Gang Related -RRB- stars as Sean Cabrera, a teacher who shares a son with his ex-wife. Sons of Anarchy's Kim Dickens is set to co-star as Nancy, a guidance counselor who works at the school with Sean and is seeing him romantically. Frank Dillane -LRB- Harry Potter and the Half-Blood Prince -RRB- co-stars as Nancy's son Nick, who has battled a drug problem. And Alycia Debnam Carey -LRB- Into the Woods -RRB- is will play Nancy's ambitious daughter, Ashley, who is the polar opposite of Nick and dreams of leaving Los Angeles for Berkeley when the apocalypse strikes.
 Fear The Walking Dead will premiere in the late summer with season two set for 2016. An official premiere date has not yet been announced. The season five finale of the flagship series airs Sunday at 9 p.m.
© 2015 The Hollywood Reporter. All rights reserved.
"
10,1,"﻿Facebook has lost millions of users per month in its biggest markets, independent data suggests, as alternative social networks attract the attention of those looking for fresh online playgrounds. 
As Facebook prepares to update investors on its performance in the first three months of the year, with analysts forecasting revenues up 36% on last year, studies suggest that its expansion in the US, UK and other major European countries has peaked. In the last month, the world’s largest social network has lost 6m US visitors, a 4% fall, according to analysis firm Socialbakers. In the UK, 1.4m fewer users checked in in March, a fall of 4.5%. The declines are sustained. In the last six months, Facebook has lost nearly 9m monthly visitors in the US and 2m in the UK. 
Users are also switching off in Canada, Spain, France, Germany and Japan, where Facebook has some of its biggest followings. A spokeswoman for Facebook declined to comment. 
“The problem is that, in the US and UK, most people who want to sign up for Facebook have already done it,” said new media specialist Ian Maude at Enders Analysis. “There is a boredom factor where people like to try something new. Is Facebook going to go the way of MySpace? The risk is relatively small, but that is not to say it isn’t there.” Alternative social networks such as Instagram, the photo-sharing site that won 30m users in 18 months before Facebook acquired the business, have seen surges in popularity with younger age groups. 
Path, the mobile phone-based social network founded by former Facebook employee Dave Morin, which restricts its users to 150 friends, is gaining 1m users a week. It has recently topped 9m users, with 500,000 Venezuelans downloading the app in a single weekend. 
Facebook is still growing fast in South America. Monthly visitors in Brazil were up 6% in the last month to 70m, according to Socialbakers, whose information is used by Facebook advertisers. India has seen a 4% rise to 64m – still a fraction of the country’s population, leaving room for further growth. 
But in developed markets, other Facebook trackers are reporting declines. Analysts at Jefferies bank have developed an algorithm that interfaces directly with Facebook software and it “suggests user levels in [the first quarter] may have declined from peak”. 
Jefferies saw global numbers peak at 1.05bn a month in January, before falling by 20m in February. Numbers rose again in April. The network has now lost nearly 2m visitors in the UK since December, according to research firm Nielsen, with its 27m total flat on a year before. 
The number of minutes Americans spend on Facebook appears to be falling, too. The total was 121 billion minutes in December 2012, but that fell to 115 billion minutes in February, according to comScore. 
As Facebook itself has warned, the time spent on its pages from those sitting in front of personal computers is declining rapidly because we are switching our screen time to smartphones and tablets. 
While smartphone minutes have doubled in a year, to 69 a month, that growth is not guaranteed to compensate for dwindling desktop usage. 
Facebook is the most authoritative source on its own user numbers, and the firm will update investors on its performance for the quarter. Wall Street expects revenues of about $1.44bn, up from $1.06bn in 2012. 
Shareholders will be particularly keen to learn how fast Facebook’s mobile user base is growing, and whether advertising revenues are increasing at the same rate. 
Mobile usage represented nearly a quarter of Facebook’s advertising income at the end of 2012, and the network had 680m mobile users a month in December. 
The company warned in recent stockmarket filings that it might be losing “younger users” to “other products and services similar to, or as a substitute for, Facebook”. 
Wary of competition from services that were invented for the mobile phone rather than the PC, founder Mark Zuckerberg has recently driven through a series of new initiatives designed to appeal to smartphone users. The most significant is Facebook Home, software that can be downloaded onto certain Android phones to feed news and photos from friends – and advertising – directly to the owner’s locked home screen.
"
10,2,"Stephanie recently took a weekend trip to Los Angeles, California. Los Angeles is a coastal city situated along the Pacific Ocean. Many celebrities earned their claim to fame here. Although the town offers many attractions centered around Hollywood culture, there is a lot to see and visit in Los Angeles.
Of course, all things related to Hollywood are popular tourist attractions. The Hollywood Sign, located the Hollywood Hills of the Santa Monica Mountains, is a famous landmark for this star-studded town. Once in downtown Hollywood, it’s possible to take a stroll along the Hollywood Walk of Fame. This landmark contains more than 2500 brass stars dedicated to celebrities who have made a significant impact on the entertainment industry. In Hollywood, visitors can even take tours of popular movie studios. Stephanie had a chance to visit Universal Studios, which produces her favorite films.
Los Angeles is also a popular beach town, offering plenty of opportunities for sunbathing and surfing. A common beach destination is the Santa Monica Pier, which offers rides and attractions to its visitors. Here, Stephanie rode the iconic Ferris wheel, which offered her a spectacular view of the city and coast.
These are just some of the things Stephanie experienced during her visit to Los Angeles. She loved her trip, and she hopes to return someday soon."
12,0,"Miami is well known for its tropical weather, retiree community and Cuban-American population, but not so much as an international art hub. Luckily for downtown Miami, billionaire real-estate developer Jorge Pérez wants to change that.
The real estate developer and art lover donated $40 million, half made up from his private art collection, to the Pérez Art Museum Miami, known as PAMM, one of the few major institutions in the United States with a Hispanic name.
That's certainly one way to put Miami on the map.
Ancient village found in Miami
Downtown Miami is in the midst of a major revitalization: David Beckham is hoping to build a stadium there for his recently announced Miami soccer team. Within the art world, the international art and fashion extravaganza Art Basel, which has taken place in Miami Beach for more than a decade, is considered to be the country's leading art fair with 130 international museum and institutions attracting tens of thousands of people to the five-day event.
Jorge Pérez hopes his museum will help take Miami to the next level.
 Cultural institutions have played a critical role in the growth of Miami, with this museum as a leading example, Pérez said in an interview with CNN.
Before Pérez was known as the Condo King of South Florida, he started as an urban planner, focusing on low-income housing developments.
Then, he co-founded a real estate development firm, The Related Group of Florida, working in high-end condo construction in the 1980s.
In 2005, TIME magazine named him one of the top 25 most influential Hispanics in the United States.
The 64-year-old billionaire also made Forbes list of 400 richest Americans several times, the only Latino immigrant to do so.
Born in Argentina to Cuban parents, Pérez grew up in Colombia before migrating to Miami as a teen. His lifelong passion for Latin American art stems from his upbringing.
In his early 20s, he started collecting paintings by Roberto Matta, Diego Rivera, Wifredo Lam, and Joaquin Torres-Garcia. Now, 110 works selected by the museum from Pérez's private collection are available for everyone to see inside the three-story, 200,000-square-foot museum, designed by the Pritzker Prize-winning Swiss architects Herzog & de Meuron.
Walk inside the $220 million building and you will be surrounded by tall glass windows that are said to be the largest hurricane impact resistant in the world. Hanging from every side of the museum are 70 self-watering hydroponic gardens, designed by French landscape artist Patrick Blanc.
The museum focuses on international art of the 20th and 21st centuries, and is currently showing Chinese artist-activist Ai Weiwei's According to What ? collection.
PAMM is one of the main attractions in what was known as Bicentennial Park, now Museum Park -- which will also house the Patricia and Phillip Frost Museum of Science, set to open in 2015.
The Pérez Art Museum had a smooth opening last year except for one slight hiccup: naming it.
While the majority of board members voted in favor of naming the museum after Pérez, four resigned in protest. It seems they had their heart set on the Miami Art Museum. 
That's because $100 million of the $167 million raised was city and county taxpayer money and the city of Miami donated the waterfront land where PAMM sits. Some of the board members argued the name of the museum should represent the city's central art museum.
 I can not speak for others. However, the great majority of the board was supportive. On a board of 47, 43 voted in favor of the renaming, Pérez said.
Pérez has been involved with the museum since well before the building project began and he said he is honored the board chose to recognize him in that way.
 I think most people want to be remembered with the causes they feel worthwhile and helped promote, Pérez said.
It seemed odd that PAMM received its share of strife for naming it after donor when just a few years ago the Miami Science Museum's name was changed to the Patricia and Phillip Frost Museum of Science after a generous donor who gave $35 million to construct the new museum in Museum Park.
 The name change has been extremely well received by the community. Patricia and Phillip Frost are very well-liked people and they symbolize what we 're about, said Gillian Thomas, president and CEO of Patricia and Phillip Frost Museum of Science.
When it comes to naming rights, perhaps Miami takes its art more seriously than science.
 People have opinions about art, whereas science is a bit more concrete, so there would n't be backlash for naming a building after a donor, Thomas said.
But, she points out, naming Miami's art museum after Pérez carries a sense of pride for the Hispanic community, even though his art donation does n't represent a collection. 
 Jorge Pérez is the first major donor from the Hispanic community, Thomas said.
Other American art museums have been named after donors, like The J. Paul Getty Museum in Los Angeles, and have n't stirred any controversy.
 While people may not agree on a name, Thomas said, everyone can see that downtown Miami is quickly becoming a hub for science and art, which means donations are needed. 
So far that does n't seem to be a problem for the Pérez Art Museum; it has reached the 90 % mark in its $220 million capital campaign.
"
12,1,"Affectionately known in his home city of Madrid as the wise man of Hortaleza, Luis Aragones left the legacy of helping Spain's ascension to the top of world football.
Aragones, whose death at the age of 75 was announced Saturday, coached his national side to the European Championship title in 2008 -- the country's first success at a major tournament in more than 40 years.
That breakthrough was continued by his successor Vicente del Bosque, who continued with the tiki taka passing style Aragones introduced, as La Roja won the 2010 World Cup and the 2012 European crown.
 Without a doubt, he marked the road in this final successful phase. I felt a great deal of appreciation towards him, Del Bosque told the national team's official website.
 I knew he had some health problems, but I never imagined it would lead to this. 
 Always with us, Luis, led the website tribute of Atletico Madrid, the club where Aragones played for a decade between 1964-74 and was head coach on four occasions, most recently 2001-03.
He guided Atletico to the La Liga title in 1977 and the Spanish Cup on three occasions.
 Luis Aragones was a great player and coach, but before all that a great person and a friend, said the team's president Enrique Cerezo.
 First and foremost he was Atletico. We want to express on behalf of the whole club our condolences to his family. 
Aragonesfinal coaching job was with Turkish side Fenerbahce, which ended in mid-2009, and late last year he announced his retirement from the game -- in which he started out at Getafe in 1957.
He was reportedly taken to a Madrid hospital last week with a serious illness, from which he did not recover.
Aragones will be buried at a private ceremony on Sunday. Atletico will observe a minute's silence ahead of the home match against Real Sociedad, in which the team will seek to go top of the table above another of his former teams, Barcelona.
 I wish to express our sorrow at the loss of one of football's greatest men and one of the most charismatic and likeable managers we remember, Barca president Josep Maria Bartomeu said before his side's 3-2 defeat by Valencia -- its first at home in the league since April 2012.
 As a club, we had the honor of his services, albeit for a very short time, in the 1987-88 season, when we won the Spanish Cup.
 We much appreciate his respect for Barca, its model and our players. Euro 2008, with Puyol, Xavi, Iniesta and so many others, is a great example. 
Aragonesappreciation of Barca's tiki taka style -- started by Johann Cruyff and developed by Pep Guardiola -- was borne out by the number of the players from the Catalan club he selected for the national team.
But his heart lay in the nation's capital, where he was on the books of Atletico's big rival Real Madrid from 1958-60 as a player -- though he spent most of that time out on loan to other clubs.
 The loss of Luis Aragones saddens all of us who love football, said Real president Florentino Perez.
 Today is a day of mourning for this sport, but it should also be a day of recognition for a legendary figure who was vital in giving us a glorious period with our Spanish national team.
 He ennobled this sport and all Spanish fans owe him gratitude and respect. His personal and professional career was always characterized by honesty and hard work. 
The only blot on his international career was an incident in 2004, when he was accused of making a racial comment -- which was caught on television cameras -- about France striker Thierry Henry while he was trying to motivate his players in training ahead of a World Cup qualifying match.
Aragones was fined by European football's ruling body UEFA and subsequently apologized to Henry, insisting he had not intended to make a racial insult.
"
12,2,"Seven police officers were killed and nine were injured Tuesday in a series of attacks at security checkpoints in the western Iraqi province of Anbar, police said.
The attacks happened in the town of al-Rutba, a predominantly Sunni Muslim community that for a few years was an al Qaeda stronghold after the 2003 U.S-led invasion of the country.
In Tuesday's first attack, a suicide car bombing at a police checkpoint in northern al-Rutba killed four police officers and injured three others, said police officials in Ramadi, the provincial capital.
Gunmen later attacked several security checkpoints in the town, killing three police officers and wounding six, police said.
Information about the attackerscasualties, beyond the suicide bomber, was n't available. Al-Rutba is about 435 kilometers -LRB- 270 miles -RRB- west of the country's capital, Baghdad.
Also Tuesday, a car bomb exploded near a busy market in the central Iraqi town of Musayyib in Babil province, killing one person and injured 11, police in Baghdad said.
Musayyib, a largely Shiite town, is about 70 kilometers -LRB- 43 miles -RRB- south of Baghdad.
Iraq has seen a sharp increase in tension between its Shiite and Sunni populations since April, when security forces raided a site used by Sunni protesters to demonstrate against the Shiite-led government.
Sunnis, who represent a minority of Iraqis, have felt politically marginalized since the overthrow of Saddam Hussein in 2003. Shiites make up a majority of Iraqis.
So far in 2013, more than 6,000 people have been killed in Iraq. More than 350 of those deaths came this month, and almost 1,000 happened in September.
Journalist Mohammed Adnan in Falluja contributed to this report.
"
