phi4:14b,0,0,0,0.44,0,0.70
phi4:14b,0,0,1,0.44,0,0.90
phi4:14b,0,0,2,0.44,0,0.34
phi4:14b,0,0,3,0.44,0,3.39
phi4:14b,0,0,4,0.44,0,12.06
phi4:14b,0,0,5,0.44,0,0.85
phi4:14b,0,0,6,0.44,0,0.68
phi4:14b,0,0,0,0.44,2,0.50
phi4:14b,0,0,1,0.44,2,1.03
phi4:14b,0,0,2,0.44,2,0.21
phi4:14b,0,0,3,0.44,2,3.45
phi4:14b,0,0,4,0.44,2,8.39
phi4:14b,0,0,5,0.44,2,0.52
phi4:14b,0,0,6,0.44,2,0.21
phi4:14b,0,0,0,0.44,4,1.65
phi4:14b,0,0,1,0.44,4,1.00
phi4:14b,0,0,2,0.44,4,2.40
phi4:14b,0,0,3,0.44,4,4.88
phi4:14b,0,0,4,0.44,4,7.47
phi4:14b,0,0,5,0.44,4,2.62
phi4:14b,0,0,6,0.44,4,1.34
phi4:14b,0,0,0,0.44,6,3.84
phi4:14b,0,0,1,0.44,6,1.98
phi4:14b,0,0,2,0.44,6,1.68
phi4:14b,0,0,3,0.44,6,11.30
phi4:14b,0,0,4,0.44,6,10.76
phi4:14b,0,0,5,0.44,6,4.27
phi4:14b,0,0,6,0.44,6,2.95
phi4:14b,0,0,0,0.44,8,2.33
phi4:14b,0,0,1,0.44,8,1.60
phi4:14b,0,0,2,0.44,8,2.22
phi4:14b,0,0,3,0.44,8,12.06
phi4:14b,0,0,4,0.44,8,12.92
phi4:14b,0,0,5,0.44,8,4.21
phi4:14b,0,0,6,0.44,8,2.29
phi4:14b,0,0,0,0.44,10,2.22
phi4:14b,0,0,1,0.44,10,3.67
phi4:14b,0,0,2,0.44,10,4.08
phi4:14b,0,0,3,0.44,10,11.39
phi4:14b,0,0,4,0.44,10,12.17
phi4:14b,0,0,5,0.44,10,2.30
phi4:14b,0,0,6,0.44,10,2.92
phi4:14b,0,0,0,0.44,12,12.07
phi4:14b,0,0,1,0.44,12,8.09
phi4:14b,0,0,2,0.44,12,7.07
phi4:14b,0,0,3,0.44,12,13.57
phi4:14b,0,0,4,0.44,12,15.61
phi4:14b,0,0,5,0.44,12,8.63
phi4:14b,0,0,6,0.44,12,9.85
phi4:14b,0,1,0,-0.18,0,0.41
phi4:14b,0,1,1,-0.18,0,2.04
phi4:14b,0,1,2,-0.18,0,0.51
phi4:14b,0,1,3,-0.18,0,1.50
phi4:14b,0,1,4,-0.18,0,7.18
phi4:14b,0,1,5,-0.18,0,0.40
phi4:14b,0,1,6,-0.18,0,-0.41
phi4:14b,0,1,0,-0.18,2,2.23
phi4:14b,0,1,1,-0.18,2,0.73
phi4:14b,0,1,2,-0.18,2,1.99
phi4:14b,0,1,3,-0.18,2,4.88
phi4:14b,0,1,4,-0.18,2,7.10
phi4:14b,0,1,5,-0.18,2,1.01
phi4:14b,0,1,6,-0.18,2,2.09
phi4:14b,0,1,0,-0.18,4,2.92
phi4:14b,0,1,1,-0.18,4,3.10
phi4:14b,0,1,2,-0.18,4,2.41
phi4:14b,0,1,3,-0.18,4,3.42
phi4:14b,0,1,4,-0.18,4,7.73
phi4:14b,0,1,5,-0.18,4,3.51
phi4:14b,0,1,6,-0.18,4,1.36
phi4:14b,0,1,0,-0.18,6,2.70
phi4:14b,0,1,1,-0.18,6,3.74
phi4:14b,0,1,2,-0.18,6,1.95
phi4:14b,0,1,3,-0.18,6,5.40
phi4:14b,0,1,4,-0.18,6,10.53
phi4:14b,0,1,5,-0.18,6,3.92
phi4:14b,0,1,6,-0.18,6,1.93
phi4:14b,0,1,0,-0.18,8,3.27
phi4:14b,0,1,1,-0.18,8,2.89
phi4:14b,0,1,2,-0.18,8,3.60
phi4:14b,0,1,3,-0.18,8,5.98
phi4:14b,0,1,4,-0.18,8,11.15
phi4:14b,0,1,5,-0.18,8,3.84
phi4:14b,0,1,6,-0.18,8,1.73
phi4:14b,0,1,0,-0.18,10,4.11
phi4:14b,0,1,1,-0.18,10,5.06
phi4:14b,0,1,2,-0.18,10,4.81
phi4:14b,0,1,3,-0.18,10,6.67
phi4:14b,0,1,4,-0.18,10,11.41
phi4:14b,0,1,5,-0.18,10,5.64
phi4:14b,0,1,6,-0.18,10,4.45
phi4:14b,0,1,0,-0.18,12,7.84
phi4:14b,0,1,1,-0.18,12,9.67
phi4:14b,0,1,2,-0.18,12,8.57
phi4:14b,0,1,3,-0.18,12,10.08
phi4:14b,0,1,4,-0.18,12,9.87
phi4:14b,0,1,5,-0.18,12,7.36
phi4:14b,0,1,6,-0.18,12,7.65
phi4:14b,0,2,0,0.33,0,3.01
phi4:14b,0,2,1,0.33,0,2.96
phi4:14b,0,2,2,0.33,0,1.92
phi4:14b,0,2,3,0.33,0,7.50
phi4:14b,0,2,4,0.33,0,9.51
phi4:14b,0,2,5,0.33,0,1.62
phi4:14b,0,2,6,0.33,0,2.37
phi4:14b,0,2,0,0.33,2,2.69
phi4:14b,0,2,1,0.33,2,3.31
phi4:14b,0,2,2,0.33,2,1.22
phi4:14b,0,2,3,0.33,2,4.80
phi4:14b,0,2,4,0.33,2,10.15
phi4:14b,0,2,5,0.33,2,2.00
phi4:14b,0,2,6,0.33,2,2.02
phi4:14b,0,2,0,0.33,4,4.93
phi4:14b,0,2,1,0.33,4,3.89
phi4:14b,0,2,2,0.33,4,2.16
phi4:14b,0,2,3,0.33,4,6.64
phi4:14b,0,2,4,0.33,4,10.62
phi4:14b,0,2,5,0.33,4,4.55
phi4:14b,0,2,6,0.33,4,4.69
phi4:14b,0,2,0,0.33,6,3.32
phi4:14b,0,2,1,0.33,6,5.00
phi4:14b,0,2,2,0.33,6,2.87
phi4:14b,0,2,3,0.33,6,13.09
phi4:14b,0,2,4,0.33,6,10.54
phi4:14b,0,2,5,0.33,6,3.83
phi4:14b,0,2,6,0.33,6,3.93
phi4:14b,0,2,0,0.33,8,4.79
phi4:14b,0,2,1,0.33,8,4.99
phi4:14b,0,2,2,0.33,8,3.84
phi4:14b,0,2,3,0.33,8,7.55
phi4:14b,0,2,4,0.33,8,11.20
phi4:14b,0,2,5,0.33,8,6.10
phi4:14b,0,2,6,0.33,8,5.15
phi4:14b,0,2,0,0.33,10,6.15
phi4:14b,0,2,1,0.33,10,6.55
phi4:14b,0,2,2,0.33,10,2.88
phi4:14b,0,2,3,0.33,10,10.30
phi4:14b,0,2,4,0.33,10,12.07
phi4:14b,0,2,5,0.33,10,4.89
phi4:14b,0,2,6,0.33,10,5.40
phi4:14b,0,2,0,0.33,12,14.26
phi4:14b,0,2,1,0.33,12,15.86
phi4:14b,0,2,2,0.33,12,12.03
phi4:14b,0,2,3,0.33,12,15.40
phi4:14b,0,2,4,0.33,12,14.67
phi4:14b,0,2,5,0.33,12,13.76
phi4:14b,0,2,6,0.33,12,11.09
phi4:14b,2,0,0,1.99,0,4.13
phi4:14b,2,0,1,1.99,0,3.67
phi4:14b,2,0,2,1.99,0,3.74
phi4:14b,2,0,3,1.99,0,3.59
phi4:14b,2,0,4,1.99,0,9.44
phi4:14b,2,0,5,1.99,0,2.24
phi4:14b,2,0,6,1.99,0,3.36
phi4:14b,2,0,0,1.99,2,5.16
phi4:14b,2,0,1,1.99,2,5.02
phi4:14b,2,0,2,1.99,2,3.65
phi4:14b,2,0,3,1.99,2,5.32
phi4:14b,2,0,4,1.99,2,9.58
phi4:14b,2,0,5,1.99,2,3.43
phi4:14b,2,0,6,1.99,2,3.54
phi4:14b,2,0,0,1.99,4,5.26
phi4:14b,2,0,1,1.99,4,5.82
phi4:14b,2,0,2,1.99,4,5.39
phi4:14b,2,0,3,1.99,4,6.80
phi4:14b,2,0,4,1.99,4,8.67
phi4:14b,2,0,5,1.99,4,4.71
phi4:14b,2,0,6,1.99,4,4.07
phi4:14b,2,0,0,1.99,6,6.40
phi4:14b,2,0,1,1.99,6,6.05
phi4:14b,2,0,2,1.99,6,4.63
phi4:14b,2,0,3,1.99,6,8.19
phi4:14b,2,0,4,1.99,6,8.01
phi4:14b,2,0,5,1.99,6,4.75
phi4:14b,2,0,6,1.99,6,3.35
phi4:14b,2,0,0,1.99,8,5.18
phi4:14b,2,0,1,1.99,8,5.71
phi4:14b,2,0,2,1.99,8,5.41
phi4:14b,2,0,3,1.99,8,12.12
phi4:14b,2,0,4,1.99,8,9.61
phi4:14b,2,0,5,1.99,8,6.72
phi4:14b,2,0,6,1.99,8,4.78
phi4:14b,2,0,0,1.99,10,6.12
phi4:14b,2,0,1,1.99,10,5.85
phi4:14b,2,0,2,1.99,10,6.10
phi4:14b,2,0,3,1.99,10,7.88
phi4:14b,2,0,4,1.99,10,10.01
phi4:14b,2,0,5,1.99,10,5.81
phi4:14b,2,0,6,1.99,10,5.37
phi4:14b,2,0,0,1.99,12,8.60
phi4:14b,2,0,1,1.99,12,11.07
phi4:14b,2,0,2,1.99,12,9.35
phi4:14b,2,0,3,1.99,12,10.76
phi4:14b,2,0,4,1.99,12,11.61
phi4:14b,2,0,5,1.99,12,11.52
phi4:14b,2,0,6,1.99,12,8.20
phi4:14b,2,1,0,2.17,0,2.41
phi4:14b,2,1,1,2.17,0,1.37
phi4:14b,2,1,2,2.17,0,2.39
phi4:14b,2,1,3,2.17,0,2.28
phi4:14b,2,1,4,2.17,0,10.79
phi4:14b,2,1,5,2.17,0,1.08
phi4:14b,2,1,6,2.17,0,1.28
phi4:14b,2,1,0,2.17,2,1.57
phi4:14b,2,1,1,2.17,2,1.20
phi4:14b,2,1,2,2.17,2,2.05
phi4:14b,2,1,3,2.17,2,1.47
phi4:14b,2,1,4,2.17,2,10.04
phi4:14b,2,1,5,2.17,2,1.81
phi4:14b,2,1,6,2.17,2,0.83
phi4:14b,2,1,0,2.17,4,2.17
phi4:14b,2,1,1,2.17,4,1.96
phi4:14b,2,1,2,2.17,4,2.17
phi4:14b,2,1,3,2.17,4,2.83
phi4:14b,2,1,4,2.17,4,7.26
phi4:14b,2,1,5,2.17,4,2.20
phi4:14b,2,1,6,2.17,4,2.64
phi4:14b,2,1,0,2.17,6,1.22
phi4:14b,2,1,1,2.17,6,2.39
phi4:14b,2,1,2,2.17,6,1.76
phi4:14b,2,1,3,2.17,6,3.11
phi4:14b,2,1,4,2.17,6,4.78
phi4:14b,2,1,5,2.17,6,2.51
phi4:14b,2,1,6,2.17,6,1.61
phi4:14b,2,1,0,2.17,8,2.06
phi4:14b,2,1,1,2.17,8,2.07
phi4:14b,2,1,2,2.17,8,1.33
phi4:14b,2,1,3,2.17,8,2.38
phi4:14b,2,1,4,2.17,8,11.21
phi4:14b,2,1,5,2.17,8,1.83
phi4:14b,2,1,6,2.17,8,1.51
phi4:14b,2,1,0,2.17,10,1.93
phi4:14b,2,1,1,2.17,10,2.85
phi4:14b,2,1,2,2.17,10,1.29
phi4:14b,2,1,3,2.17,10,3.08
phi4:14b,2,1,4,2.17,10,8.31
phi4:14b,2,1,5,2.17,10,2.48
phi4:14b,2,1,6,2.17,10,2.28
phi4:14b,2,1,0,2.17,12,5.04
phi4:14b,2,1,1,2.17,12,4.43
phi4:14b,2,1,2,2.17,12,4.58
phi4:14b,2,1,3,2.17,12,8.92
phi4:14b,2,1,4,2.17,12,9.61
phi4:14b,2,1,5,2.17,12,4.85
phi4:14b,2,1,6,2.17,12,7.24
phi4:14b,2,2,0,1.96,0,0.78
phi4:14b,2,2,1,1.96,0,1.35
phi4:14b,2,2,2,1.96,0,1.27
phi4:14b,2,2,3,1.96,0,2.40
phi4:14b,2,2,4,1.96,0,8.65
phi4:14b,2,2,5,1.96,0,1.30
phi4:14b,2,2,6,1.96,0,1.82
phi4:14b,2,2,0,1.96,2,1.75
phi4:14b,2,2,1,1.96,2,1.41
phi4:14b,2,2,2,1.96,2,1.67
phi4:14b,2,2,3,1.96,2,3.93
phi4:14b,2,2,4,1.96,2,10.35
phi4:14b,2,2,5,1.96,2,0.34
phi4:14b,2,2,6,1.96,2,1.35
phi4:14b,2,2,0,1.96,4,2.40
phi4:14b,2,2,1,1.96,4,2.91
phi4:14b,2,2,2,1.96,4,2.77
phi4:14b,2,2,3,1.96,4,3.79
phi4:14b,2,2,4,1.96,4,11.23
phi4:14b,2,2,5,1.96,4,1.92
phi4:14b,2,2,6,1.96,4,2.17
phi4:14b,2,2,0,1.96,6,1.99
phi4:14b,2,2,1,1.96,6,2.06
phi4:14b,2,2,2,1.96,6,3.38
phi4:14b,2,2,3,1.96,6,3.41
phi4:14b,2,2,4,1.96,6,11.93
phi4:14b,2,2,5,1.96,6,3.26
phi4:14b,2,2,6,1.96,6,2.07
phi4:14b,2,2,0,1.96,8,2.91
phi4:14b,2,2,1,1.96,8,2.28
phi4:14b,2,2,2,1.96,8,1.96
phi4:14b,2,2,3,1.96,8,2.99
phi4:14b,2,2,4,1.96,8,10.93
phi4:14b,2,2,5,1.96,8,5.27
phi4:14b,2,2,6,1.96,8,1.17
phi4:14b,2,2,0,1.96,10,2.29
phi4:14b,2,2,1,1.96,10,2.52
phi4:14b,2,2,2,1.96,10,2.75
phi4:14b,2,2,3,1.96,10,4.00
phi4:14b,2,2,4,1.96,10,9.88
phi4:14b,2,2,5,1.96,10,3.91
phi4:14b,2,2,6,1.96,10,1.80
phi4:14b,2,2,0,1.96,12,4.48
phi4:14b,2,2,1,1.96,12,4.92
phi4:14b,2,2,2,1.96,12,3.90
phi4:14b,2,2,3,1.96,12,10.25
phi4:14b,2,2,4,1.96,12,11.27
phi4:14b,2,2,5,1.96,12,4.75
phi4:14b,2,2,6,1.96,12,3.76
phi4:14b,4,0,0,3.85,0,2.54
phi4:14b,4,0,1,3.85,0,3.38
phi4:14b,4,0,2,3.85,0,3.12
phi4:14b,4,0,3,3.85,0,2.58
phi4:14b,4,0,4,3.85,0,8.92
phi4:14b,4,0,5,3.85,0,2.56
phi4:14b,4,0,6,3.85,0,1.42
phi4:14b,4,0,0,3.85,2,3.15
phi4:14b,4,0,1,3.85,2,4.11
phi4:14b,4,0,2,3.85,2,2.31
phi4:14b,4,0,3,3.85,2,4.63
phi4:14b,4,0,4,3.85,2,6.51
phi4:14b,4,0,5,3.85,2,2.88
phi4:14b,4,0,6,3.85,2,2.26
phi4:14b,4,0,0,3.85,4,3.53
phi4:14b,4,0,1,3.85,4,3.28
phi4:14b,4,0,2,3.85,4,3.63
phi4:14b,4,0,3,3.85,4,11.68
phi4:14b,4,0,4,3.85,4,6.54
phi4:14b,4,0,5,3.85,4,3.00
phi4:14b,4,0,6,3.85,4,3.18
phi4:14b,4,0,0,3.85,6,3.39
phi4:14b,4,0,1,3.85,6,3.11
phi4:14b,4,0,2,3.85,6,3.86
phi4:14b,4,0,3,3.85,6,9.00
phi4:14b,4,0,4,3.85,6,9.15
phi4:14b,4,0,5,3.85,6,3.77
phi4:14b,4,0,6,3.85,6,3.32
phi4:14b,4,0,0,3.85,8,4.11
phi4:14b,4,0,1,3.85,8,3.79
phi4:14b,4,0,2,3.85,8,2.55
phi4:14b,4,0,3,3.85,8,5.35
phi4:14b,4,0,4,3.85,8,4.93
phi4:14b,4,0,5,3.85,8,3.43
phi4:14b,4,0,6,3.85,8,3.04
phi4:14b,4,0,0,3.85,10,4.34
phi4:14b,4,0,1,3.85,10,4.15
phi4:14b,4,0,2,3.85,10,3.88
phi4:14b,4,0,3,3.85,10,5.39
phi4:14b,4,0,4,3.85,10,5.88
phi4:14b,4,0,5,3.85,10,4.00
phi4:14b,4,0,6,3.85,10,3.42
phi4:14b,4,0,0,3.85,12,5.54
phi4:14b,4,0,1,3.85,12,6.51
phi4:14b,4,0,2,3.85,12,4.79
phi4:14b,4,0,3,3.85,12,7.42
phi4:14b,4,0,4,3.85,12,7.00
phi4:14b,4,0,5,3.85,12,6.30
phi4:14b,4,0,6,3.85,12,4.32
phi4:14b,4,1,0,3.69,0,3.03
phi4:14b,4,1,1,3.69,0,3.38
phi4:14b,4,1,2,3.69,0,2.16
phi4:14b,4,1,3,3.69,0,8.13
phi4:14b,4,1,4,3.69,0,6.74
phi4:14b,4,1,5,3.69,0,1.67
phi4:14b,4,1,6,3.69,0,3.11
phi4:14b,4,1,0,3.69,2,3.83
phi4:14b,4,1,1,3.69,2,3.33
phi4:14b,4,1,2,3.69,2,2.81
phi4:14b,4,1,3,3.69,2,5.33
phi4:14b,4,1,4,3.69,2,10.05
phi4:14b,4,1,5,3.69,2,2.60
phi4:14b,4,1,6,3.69,2,3.92
phi4:14b,4,1,0,3.69,4,3.90
phi4:14b,4,1,1,3.69,4,4.06
phi4:14b,4,1,2,3.69,4,3.38
phi4:14b,4,1,3,3.69,4,4.52
phi4:14b,4,1,4,3.69,4,10.72
phi4:14b,4,1,5,3.69,4,3.25
phi4:14b,4,1,6,3.69,4,3.20
phi4:14b,4,1,0,3.69,6,3.50
phi4:14b,4,1,1,3.69,6,3.76
phi4:14b,4,1,2,3.69,6,3.57
phi4:14b,4,1,3,3.69,6,12.71
phi4:14b,4,1,4,3.69,6,8.45
phi4:14b,4,1,5,3.69,6,5.00
phi4:14b,4,1,6,3.69,6,3.20
phi4:14b,4,1,0,3.69,8,4.05
phi4:14b,4,1,1,3.69,8,3.62
phi4:14b,4,1,2,3.69,8,3.00
phi4:14b,4,1,3,3.69,8,14.37
phi4:14b,4,1,4,3.69,8,6.11
phi4:14b,4,1,5,3.69,8,5.05
phi4:14b,4,1,6,3.69,8,2.92
phi4:14b,4,1,0,3.69,10,4.75
phi4:14b,4,1,1,3.69,10,4.96
phi4:14b,4,1,2,3.69,10,3.80
phi4:14b,4,1,3,3.69,10,11.95
phi4:14b,4,1,4,3.69,10,9.61
phi4:14b,4,1,5,3.69,10,5.19
phi4:14b,4,1,6,3.69,10,3.61
phi4:14b,4,1,0,3.69,12,7.40
phi4:14b,4,1,1,3.69,12,11.50
phi4:14b,4,1,2,3.69,12,7.40
phi4:14b,4,1,3,3.69,12,13.22
phi4:14b,4,1,4,3.69,12,15.24
phi4:14b,4,1,5,3.69,12,11.07
phi4:14b,4,1,6,3.69,12,8.76
phi4:14b,4,2,0,3.82,0,4.77
phi4:14b,4,2,1,3.82,0,3.86
phi4:14b,4,2,2,3.82,0,3.60
phi4:14b,4,2,3,3.82,0,4.58
phi4:14b,4,2,4,3.82,0,5.71
phi4:14b,4,2,5,3.82,0,3.06
phi4:14b,4,2,6,3.82,0,4.22
phi4:14b,4,2,0,3.82,2,4.56
phi4:14b,4,2,1,3.82,2,3.51
phi4:14b,4,2,2,3.82,2,4.09
phi4:14b,4,2,3,3.82,2,5.16
phi4:14b,4,2,4,3.82,2,8.95
phi4:14b,4,2,5,3.82,2,3.39
phi4:14b,4,2,6,3.82,2,3.68
phi4:14b,4,2,0,3.82,4,4.97
phi4:14b,4,2,1,3.82,4,4.44
phi4:14b,4,2,2,3.82,4,3.43
phi4:14b,4,2,3,3.82,4,5.35
phi4:14b,4,2,4,3.82,4,10.14
phi4:14b,4,2,5,3.82,4,4.29
phi4:14b,4,2,6,3.82,4,3.93
phi4:14b,4,2,0,3.82,6,5.31
phi4:14b,4,2,1,3.82,6,4.75
phi4:14b,4,2,2,3.82,6,3.79
phi4:14b,4,2,3,3.82,6,12.61
phi4:14b,4,2,4,3.82,6,11.57
phi4:14b,4,2,5,3.82,6,4.75
phi4:14b,4,2,6,3.82,6,4.93
phi4:14b,4,2,0,3.82,8,5.93
phi4:14b,4,2,1,3.82,8,5.27
phi4:14b,4,2,2,3.82,8,4.95
phi4:14b,4,2,3,3.82,8,5.41
phi4:14b,4,2,4,3.82,8,13.31
phi4:14b,4,2,5,3.82,8,5.32
phi4:14b,4,2,6,3.82,8,4.51
phi4:14b,4,2,0,3.82,10,8.79
phi4:14b,4,2,1,3.82,10,7.30
phi4:14b,4,2,2,3.82,10,5.50
phi4:14b,4,2,3,3.82,10,12.38
phi4:14b,4,2,4,3.82,10,9.92
phi4:14b,4,2,5,3.82,10,7.09
phi4:14b,4,2,6,3.82,10,6.07
phi4:14b,4,2,0,3.82,12,9.98
phi4:14b,4,2,1,3.82,12,10.90
phi4:14b,4,2,2,3.82,12,10.20
phi4:14b,4,2,3,3.82,12,13.42
phi4:14b,4,2,4,3.82,12,9.54
phi4:14b,4,2,5,3.82,12,10.45
phi4:14b,4,2,6,3.82,12,9.89
phi4:14b,6,0,0,6.18,0,4.90
phi4:14b,6,0,1,6.18,0,4.41
phi4:14b,6,0,2,6.18,0,5.42
phi4:14b,6,0,3,6.18,0,6.23
phi4:14b,6,0,4,6.18,0,15.97
phi4:14b,6,0,5,6.18,0,3.26
phi4:14b,6,0,6,6.18,0,5.89
phi4:14b,6,0,0,6.18,2,4.85
phi4:14b,6,0,1,6.18,2,5.46
phi4:14b,6,0,2,6.18,2,4.52
phi4:14b,6,0,3,6.18,2,5.26
phi4:14b,6,0,4,6.18,2,12.75
phi4:14b,6,0,5,6.18,2,5.11
phi4:14b,6,0,6,6.18,2,5.12
phi4:14b,6,0,0,6.18,4,5.47
phi4:14b,6,0,1,6.18,4,5.74
phi4:14b,6,0,2,6.18,4,5.28
phi4:14b,6,0,3,6.18,4,6.65
phi4:14b,6,0,4,6.18,4,15.09
phi4:14b,6,0,5,6.18,4,5.17
phi4:14b,6,0,6,6.18,4,6.25
phi4:14b,6,0,0,6.18,6,6.18
phi4:14b,6,0,1,6.18,6,6.64
phi4:14b,6,0,2,6.18,6,7.13
phi4:14b,6,0,3,6.18,6,11.83
phi4:14b,6,0,4,6.18,6,14.69
phi4:14b,6,0,5,6.18,6,5.97
phi4:14b,6,0,6,6.18,6,4.55
phi4:14b,6,0,0,6.18,8,7.18
phi4:14b,6,0,1,6.18,8,7.50
phi4:14b,6,0,2,6.18,8,6.03
phi4:14b,6,0,3,6.18,8,7.28
phi4:14b,6,0,4,6.18,8,13.56
phi4:14b,6,0,5,6.18,8,6.54
phi4:14b,6,0,6,6.18,8,6.08
phi4:14b,6,0,0,6.18,10,6.42
phi4:14b,6,0,1,6.18,10,7.56
phi4:14b,6,0,2,6.18,10,7.07
phi4:14b,6,0,3,6.18,10,8.18
phi4:14b,6,0,4,6.18,10,13.84
phi4:14b,6,0,5,6.18,10,7.42
phi4:14b,6,0,6,6.18,10,6.81
phi4:14b,6,0,0,6.18,12,13.52
phi4:14b,6,0,1,6.18,12,11.64
phi4:14b,6,0,2,6.18,12,12.60
phi4:14b,6,0,3,6.18,12,15.43
phi4:14b,6,0,4,6.18,12,16.94
phi4:14b,6,0,5,6.18,12,13.16
phi4:14b,6,0,6,6.18,12,9.38
phi4:14b,6,1,0,5.79,0,2.44
phi4:14b,6,1,1,5.79,0,3.75
phi4:14b,6,1,2,5.79,0,4.08
phi4:14b,6,1,3,5.79,0,4.13
phi4:14b,6,1,4,5.79,0,8.25
phi4:14b,6,1,5,5.79,0,3.59
phi4:14b,6,1,6,5.79,0,3.27
phi4:14b,6,1,0,5.79,2,4.39
phi4:14b,6,1,1,5.79,2,4.38
phi4:14b,6,1,2,5.79,2,2.81
phi4:14b,6,1,3,5.79,2,10.78
phi4:14b,6,1,4,5.79,2,10.96
phi4:14b,6,1,5,5.79,2,3.57
phi4:14b,6,1,6,5.79,2,3.74
phi4:14b,6,1,0,5.79,4,4.23
phi4:14b,6,1,1,5.79,4,4.95
phi4:14b,6,1,2,5.79,4,3.64
phi4:14b,6,1,3,5.79,4,9.93
phi4:14b,6,1,4,5.79,4,11.53
phi4:14b,6,1,5,5.79,4,3.69
phi4:14b,6,1,6,5.79,4,3.42
phi4:14b,6,1,0,5.79,6,5.06
phi4:14b,6,1,1,5.79,6,4.19
phi4:14b,6,1,2,5.79,6,5.06
phi4:14b,6,1,3,5.79,6,14.27
phi4:14b,6,1,4,5.79,6,7.52
phi4:14b,6,1,5,5.79,6,4.20
phi4:14b,6,1,6,5.79,6,3.97
phi4:14b,6,1,0,5.79,8,4.29
phi4:14b,6,1,1,5.79,8,4.77
phi4:14b,6,1,2,5.79,8,4.17
phi4:14b,6,1,3,5.79,8,11.05
phi4:14b,6,1,4,5.79,8,8.57
phi4:14b,6,1,5,5.79,8,4.54
phi4:14b,6,1,6,5.79,8,4.27
phi4:14b,6,1,0,5.79,10,4.98
phi4:14b,6,1,1,5.79,10,4.64
phi4:14b,6,1,2,5.79,10,4.45
phi4:14b,6,1,3,5.79,10,7.00
phi4:14b,6,1,4,5.79,10,7.92
phi4:14b,6,1,5,5.79,10,4.47
phi4:14b,6,1,6,5.79,10,4.11
phi4:14b,6,1,0,5.79,12,6.85
phi4:14b,6,1,1,5.79,12,6.98
phi4:14b,6,1,2,5.79,12,5.12
phi4:14b,6,1,3,5.79,12,9.71
phi4:14b,6,1,4,5.79,12,10.05
phi4:14b,6,1,5,5.79,12,6.19
phi4:14b,6,1,6,5.79,12,5.36
phi4:14b,6,2,0,5.61,0,5.24
phi4:14b,6,2,1,5.61,0,4.52
phi4:14b,6,2,2,5.61,0,4.84
phi4:14b,6,2,3,5.61,0,4.97
phi4:14b,6,2,4,5.61,0,12.88
phi4:14b,6,2,5,5.61,0,5.05
phi4:14b,6,2,6,5.61,0,4.89
phi4:14b,6,2,0,5.61,2,4.80
phi4:14b,6,2,1,5.61,2,5.18
phi4:14b,6,2,2,5.61,2,5.85
phi4:14b,6,2,3,5.61,2,5.84
phi4:14b,6,2,4,5.61,2,15.54
phi4:14b,6,2,5,5.61,2,3.83
phi4:14b,6,2,6,5.61,2,4.59
phi4:14b,6,2,0,5.61,4,5.37
phi4:14b,6,2,1,5.61,4,5.77
phi4:14b,6,2,2,5.61,4,5.13
phi4:14b,6,2,3,5.61,4,6.31
phi4:14b,6,2,4,5.61,4,15.92
phi4:14b,6,2,5,5.61,4,5.72
phi4:14b,6,2,6,5.61,4,4.96
phi4:14b,6,2,0,5.61,6,6.91
phi4:14b,6,2,1,5.61,6,5.55
phi4:14b,6,2,2,5.61,6,6.34
phi4:14b,6,2,3,5.61,6,6.94
phi4:14b,6,2,4,5.61,6,10.65
phi4:14b,6,2,5,5.61,6,6.08
phi4:14b,6,2,6,5.61,6,5.65
phi4:14b,6,2,0,5.61,8,6.80
phi4:14b,6,2,1,5.61,8,6.16
phi4:14b,6,2,2,5.61,8,5.61
phi4:14b,6,2,3,5.61,8,6.96
phi4:14b,6,2,4,5.61,8,13.23
phi4:14b,6,2,5,5.61,8,7.18
phi4:14b,6,2,6,5.61,8,5.69
phi4:14b,6,2,0,5.61,10,7.52
phi4:14b,6,2,1,5.61,10,5.70
phi4:14b,6,2,2,5.61,10,5.78
phi4:14b,6,2,3,5.61,10,8.03
phi4:14b,6,2,4,5.61,10,13.74
phi4:14b,6,2,5,5.61,10,6.16
phi4:14b,6,2,6,5.61,10,6.32
phi4:14b,6,2,0,5.61,12,11.73
phi4:14b,6,2,1,5.61,12,12.41
phi4:14b,6,2,2,5.61,12,9.97
phi4:14b,6,2,3,5.61,12,14.26
phi4:14b,6,2,4,5.61,12,12.92
phi4:14b,6,2,5,5.61,12,10.58
phi4:14b,6,2,6,5.61,12,9.53
phi4:14b,8,0,0,7.91,0,4.75
phi4:14b,8,0,1,7.91,0,4.80
phi4:14b,8,0,2,7.91,0,5.41
phi4:14b,8,0,3,7.91,0,5.19
phi4:14b,8,0,4,7.91,0,6.34
phi4:14b,8,0,5,7.91,0,2.58
phi4:14b,8,0,6,7.91,0,4.53
phi4:14b,8,0,0,7.91,2,4.87
phi4:14b,8,0,1,7.91,2,5.39
phi4:14b,8,0,2,7.91,2,5.26
phi4:14b,8,0,3,7.91,2,6.58
phi4:14b,8,0,4,7.91,2,5.91
phi4:14b,8,0,5,7.91,2,4.83
phi4:14b,8,0,6,7.91,2,5.08
phi4:14b,8,0,0,7.91,4,6.87
phi4:14b,8,0,1,7.91,4,5.95
phi4:14b,8,0,2,7.91,4,6.09
phi4:14b,8,0,3,7.91,4,6.40
phi4:14b,8,0,4,7.91,4,10.88
phi4:14b,8,0,5,7.91,4,5.11
phi4:14b,8,0,6,7.91,4,7.54
phi4:14b,8,0,0,7.91,6,6.93
phi4:14b,8,0,1,7.91,6,7.18
phi4:14b,8,0,2,7.91,6,5.21
phi4:14b,8,0,3,7.91,6,11.89
phi4:14b,8,0,4,7.91,6,8.66
phi4:14b,8,0,5,7.91,6,6.86
phi4:14b,8,0,6,7.91,6,5.95
phi4:14b,8,0,0,7.91,8,7.33
phi4:14b,8,0,1,7.91,8,7.23
phi4:14b,8,0,2,7.91,8,7.14
phi4:14b,8,0,3,7.91,8,7.39
phi4:14b,8,0,4,7.91,8,10.41
phi4:14b,8,0,5,7.91,8,6.26
phi4:14b,8,0,6,7.91,8,7.48
phi4:14b,8,0,0,7.91,10,8.15
phi4:14b,8,0,1,7.91,10,7.52
phi4:14b,8,0,2,7.91,10,5.92
phi4:14b,8,0,3,7.91,10,8.74
phi4:14b,8,0,4,7.91,10,13.66
phi4:14b,8,0,5,7.91,10,8.29
phi4:14b,8,0,6,7.91,10,5.81
phi4:14b,8,0,0,7.91,12,10.39
phi4:14b,8,0,1,7.91,12,10.16
phi4:14b,8,0,2,7.91,12,11.17
phi4:14b,8,0,3,7.91,12,13.32
phi4:14b,8,0,4,7.91,12,13.85
phi4:14b,8,0,5,7.91,12,10.69
phi4:14b,8,0,6,7.91,12,9.15
phi4:14b,8,1,0,7.74,0,7.58
phi4:14b,8,1,1,7.74,0,5.87
phi4:14b,8,1,2,7.74,0,6.12
phi4:14b,8,1,3,7.74,0,8.72
phi4:14b,8,1,4,7.74,0,12.34
phi4:14b,8,1,5,7.74,0,4.98
phi4:14b,8,1,6,7.74,0,5.57
phi4:14b,8,1,0,7.74,2,6.34
phi4:14b,8,1,1,7.74,2,6.35
phi4:14b,8,1,2,7.74,2,6.13
phi4:14b,8,1,3,7.74,2,8.92
phi4:14b,8,1,4,7.74,2,14.13
phi4:14b,8,1,5,7.74,2,5.76
phi4:14b,8,1,6,7.74,2,6.70
phi4:14b,8,1,0,7.74,4,7.70
phi4:14b,8,1,1,7.74,4,6.98
phi4:14b,8,1,2,7.74,4,6.04
phi4:14b,8,1,3,7.74,4,9.00
phi4:14b,8,1,4,7.74,4,14.82
phi4:14b,8,1,5,7.74,4,6.84
phi4:14b,8,1,6,7.74,4,6.45
phi4:14b,8,1,0,7.74,6,8.70
phi4:14b,8,1,1,7.74,6,6.64
phi4:14b,8,1,2,7.74,6,7.12
phi4:14b,8,1,3,7.74,6,8.07
phi4:14b,8,1,4,7.74,6,16.30
phi4:14b,8,1,5,7.74,6,8.80
phi4:14b,8,1,6,7.74,6,6.59
phi4:14b,8,1,0,7.74,8,7.37
phi4:14b,8,1,1,7.74,8,7.92
phi4:14b,8,1,2,7.74,8,8.18
phi4:14b,8,1,3,7.74,8,14.62
phi4:14b,8,1,4,7.74,8,13.82
phi4:14b,8,1,5,7.74,8,8.67
phi4:14b,8,1,6,7.74,8,7.12
phi4:14b,8,1,0,7.74,10,9.20
phi4:14b,8,1,1,7.74,10,8.35
phi4:14b,8,1,2,7.74,10,8.59
phi4:14b,8,1,3,7.74,10,16.15
phi4:14b,8,1,4,7.74,10,15.42
phi4:14b,8,1,5,7.74,10,8.66
phi4:14b,8,1,6,7.74,10,6.26
phi4:14b,8,1,0,7.74,12,13.76
phi4:14b,8,1,1,7.74,12,11.53
phi4:14b,8,1,2,7.74,12,12.24
phi4:14b,8,1,3,7.74,12,16.35
phi4:14b,8,1,4,7.74,12,14.79
phi4:14b,8,1,5,7.74,12,13.00
phi4:14b,8,1,6,7.74,12,11.88
phi4:14b,8,2,0,8.22,0,6.98
phi4:14b,8,2,1,8.22,0,6.81
phi4:14b,8,2,2,8.22,0,5.66
phi4:14b,8,2,3,8.22,0,14.10
phi4:14b,8,2,4,8.22,0,10.50
phi4:14b,8,2,5,8.22,0,5.28
phi4:14b,8,2,6,8.22,0,6.33
phi4:14b,8,2,0,8.22,2,7.44
phi4:14b,8,2,1,8.22,2,6.69
phi4:14b,8,2,2,8.22,2,6.70
phi4:14b,8,2,3,8.22,2,7.94
phi4:14b,8,2,4,8.22,2,13.90
phi4:14b,8,2,5,8.22,2,5.94
phi4:14b,8,2,6,8.22,2,6.14
phi4:14b,8,2,0,8.22,4,7.83
phi4:14b,8,2,1,8.22,4,8.68
phi4:14b,8,2,2,8.22,4,7.16
phi4:14b,8,2,3,8.22,4,9.80
phi4:14b,8,2,4,8.22,4,10.92
phi4:14b,8,2,5,8.22,4,6.82
phi4:14b,8,2,6,8.22,4,6.72
phi4:14b,8,2,0,8.22,6,9.08
phi4:14b,8,2,1,8.22,6,7.51
phi4:14b,8,2,2,8.22,6,6.78
phi4:14b,8,2,3,8.22,6,8.44
phi4:14b,8,2,4,8.22,6,13.77
phi4:14b,8,2,5,8.22,6,7.62
phi4:14b,8,2,6,8.22,6,6.71
phi4:14b,8,2,0,8.22,8,9.14
phi4:14b,8,2,1,8.22,8,8.39
phi4:14b,8,2,2,8.22,8,7.71
phi4:14b,8,2,3,8.22,8,10.82
phi4:14b,8,2,4,8.22,8,11.80
phi4:14b,8,2,5,8.22,8,8.03
phi4:14b,8,2,6,8.22,8,7.75
phi4:14b,8,2,0,8.22,10,8.57
phi4:14b,8,2,1,8.22,10,8.24
phi4:14b,8,2,2,8.22,10,7.63
phi4:14b,8,2,3,8.22,10,11.11
phi4:14b,8,2,4,8.22,10,11.57
phi4:14b,8,2,5,8.22,10,10.28
phi4:14b,8,2,6,8.22,10,7.23
phi4:14b,8,2,0,8.22,12,11.53
phi4:14b,8,2,1,8.22,12,14.87
phi4:14b,8,2,2,8.22,12,11.08
phi4:14b,8,2,3,8.22,12,16.01
phi4:14b,8,2,4,8.22,12,16.35
phi4:14b,8,2,5,8.22,12,14.78
phi4:14b,8,2,6,8.22,12,10.72
phi4:14b,10,0,0,10.07,0,6.01
phi4:14b,10,0,1,10.07,0,5.25
phi4:14b,10,0,2,10.07,0,6.39
phi4:14b,10,0,3,10.07,0,8.30
phi4:14b,10,0,4,10.07,0,6.67
phi4:14b,10,0,5,10.07,0,3.65
phi4:14b,10,0,6,10.07,0,5.76
phi4:14b,10,0,0,10.07,2,6.67
phi4:14b,10,0,1,10.07,2,7.81
phi4:14b,10,0,2,10.07,2,5.79
phi4:14b,10,0,3,10.07,2,8.68
phi4:14b,10,0,4,10.07,2,13.66
phi4:14b,10,0,5,10.07,2,5.30
phi4:14b,10,0,6,10.07,2,7.98
phi4:14b,10,0,0,10.07,4,7.57
phi4:14b,10,0,1,10.07,4,7.50
phi4:14b,10,0,2,10.07,4,7.04
phi4:14b,10,0,3,10.07,4,6.95
phi4:14b,10,0,4,10.07,4,12.29
phi4:14b,10,0,5,10.07,4,5.39
phi4:14b,10,0,6,10.07,4,7.10
phi4:14b,10,0,0,10.07,6,7.96
phi4:14b,10,0,1,10.07,6,8.25
phi4:14b,10,0,2,10.07,6,6.61
phi4:14b,10,0,3,10.07,6,11.33
phi4:14b,10,0,4,10.07,6,10.97
phi4:14b,10,0,5,10.07,6,8.75
phi4:14b,10,0,6,10.07,6,7.09
phi4:14b,10,0,0,10.07,8,9.52
phi4:14b,10,0,1,10.07,8,8.61
phi4:14b,10,0,2,10.07,8,8.58
phi4:14b,10,0,3,10.07,8,8.99
phi4:14b,10,0,4,10.07,8,13.02
phi4:14b,10,0,5,10.07,8,8.91
phi4:14b,10,0,6,10.07,8,8.50
phi4:14b,10,0,0,10.07,10,9.69
phi4:14b,10,0,1,10.07,10,9.42
phi4:14b,10,0,2,10.07,10,9.78
phi4:14b,10,0,3,10.07,10,9.47
phi4:14b,10,0,4,10.07,10,11.47
phi4:14b,10,0,5,10.07,10,7.99
phi4:14b,10,0,6,10.07,10,8.88
phi4:14b,10,0,0,10.07,12,12.50
phi4:14b,10,0,1,10.07,12,10.27
phi4:14b,10,0,2,10.07,12,8.91
phi4:14b,10,0,3,10.07,12,12.84
phi4:14b,10,0,4,10.07,12,14.18
phi4:14b,10,0,5,10.07,12,11.23
phi4:14b,10,0,6,10.07,12,10.04
phi4:14b,10,1,0,10.10,0,8.53
phi4:14b,10,1,1,10.10,0,7.15
phi4:14b,10,1,2,10.10,0,6.57
phi4:14b,10,1,3,10.10,0,7.05
phi4:14b,10,1,4,10.10,0,13.79
phi4:14b,10,1,5,10.10,0,7.95
phi4:14b,10,1,6,10.10,0,6.46
phi4:14b,10,1,0,10.10,2,8.00
phi4:14b,10,1,1,10.10,2,7.45
phi4:14b,10,1,2,10.10,2,8.03
phi4:14b,10,1,3,10.10,2,7.91
phi4:14b,10,1,4,10.10,2,14.33
phi4:14b,10,1,5,10.10,2,7.61
phi4:14b,10,1,6,10.10,2,7.37
phi4:14b,10,1,0,10.10,4,9.52
phi4:14b,10,1,1,10.10,4,7.31
phi4:14b,10,1,2,10.10,4,7.44
phi4:14b,10,1,3,10.10,4,10.21
phi4:14b,10,1,4,10.10,4,14.02
phi4:14b,10,1,5,10.10,4,6.99
phi4:14b,10,1,6,10.10,4,7.51
phi4:14b,10,1,0,10.10,6,10.28
phi4:14b,10,1,1,10.10,6,8.70
phi4:14b,10,1,2,10.10,6,7.72
phi4:14b,10,1,3,10.10,6,9.38
phi4:14b,10,1,4,10.10,6,12.15
phi4:14b,10,1,5,10.10,6,7.18
phi4:14b,10,1,6,10.10,6,8.57
phi4:14b,10,1,0,10.10,8,9.95
phi4:14b,10,1,1,10.10,8,9.26
phi4:14b,10,1,2,10.10,8,8.26
phi4:14b,10,1,3,10.10,8,8.91
phi4:14b,10,1,4,10.10,8,12.15
phi4:14b,10,1,5,10.10,8,8.36
phi4:14b,10,1,6,10.10,8,8.92
phi4:14b,10,1,0,10.10,10,9.90
phi4:14b,10,1,1,10.10,10,10.49
phi4:14b,10,1,2,10.10,10,8.52
phi4:14b,10,1,3,10.10,10,13.48
phi4:14b,10,1,4,10.10,10,13.41
phi4:14b,10,1,5,10.10,10,8.76
phi4:14b,10,1,6,10.10,10,9.54
phi4:14b,10,1,0,10.10,12,12.76
phi4:14b,10,1,1,10.10,12,12.91
phi4:14b,10,1,2,10.10,12,12.43
phi4:14b,10,1,3,10.10,12,14.12
phi4:14b,10,1,4,10.10,12,12.02
phi4:14b,10,1,5,10.10,12,14.27
phi4:14b,10,1,6,10.10,12,10.28
phi4:14b,10,2,0,10.20,0,6.93
phi4:14b,10,2,1,10.20,0,7.32
phi4:14b,10,2,2,10.20,0,6.62
phi4:14b,10,2,3,10.20,0,7.07
phi4:14b,10,2,4,10.20,0,10.21
phi4:14b,10,2,5,10.20,0,6.05
phi4:14b,10,2,6,10.20,0,5.66
phi4:14b,10,2,0,10.20,2,7.78
phi4:14b,10,2,1,10.20,2,7.09
phi4:14b,10,2,2,10.20,2,7.03
phi4:14b,10,2,3,10.20,2,8.01
phi4:14b,10,2,4,10.20,2,11.69
phi4:14b,10,2,5,10.20,2,6.31
phi4:14b,10,2,6,10.20,2,7.48
phi4:14b,10,2,0,10.20,4,9.02
phi4:14b,10,2,1,10.20,4,7.79
phi4:14b,10,2,2,10.20,4,5.74
phi4:14b,10,2,3,10.20,4,14.33
phi4:14b,10,2,4,10.20,4,12.36
phi4:14b,10,2,5,10.20,4,8.14
phi4:14b,10,2,6,10.20,4,6.29
phi4:14b,10,2,0,10.20,6,8.30
phi4:14b,10,2,1,10.20,6,6.99
phi4:14b,10,2,2,10.20,6,7.68
phi4:14b,10,2,3,10.20,6,8.59
phi4:14b,10,2,4,10.20,6,13.39
phi4:14b,10,2,5,10.20,6,7.64
phi4:14b,10,2,6,10.20,6,7.66
phi4:14b,10,2,0,10.20,8,9.27
phi4:14b,10,2,1,10.20,8,7.94
phi4:14b,10,2,2,10.20,8,8.17
phi4:14b,10,2,3,10.20,8,9.83
phi4:14b,10,2,4,10.20,8,13.90
phi4:14b,10,2,5,10.20,8,10.31
phi4:14b,10,2,6,10.20,8,7.93
phi4:14b,10,2,0,10.20,10,9.80
phi4:14b,10,2,1,10.20,10,8.57
phi4:14b,10,2,2,10.20,10,9.17
phi4:14b,10,2,3,10.20,10,12.31
phi4:14b,10,2,4,10.20,10,14.75
phi4:14b,10,2,5,10.20,10,9.92
phi4:14b,10,2,6,10.20,10,7.50
phi4:14b,10,2,0,10.20,12,14.39
phi4:14b,10,2,1,10.20,12,13.58
phi4:14b,10,2,2,10.20,12,11.47
phi4:14b,10,2,3,10.20,12,15.48
phi4:14b,10,2,4,10.20,12,13.30
phi4:14b,10,2,5,10.20,12,14.13
phi4:14b,10,2,6,10.20,12,10.97
phi4:14b,12,0,0,11.81,0,6.76
phi4:14b,12,0,1,11.81,0,7.42
phi4:14b,12,0,2,11.81,0,8.42
phi4:14b,12,0,3,11.81,0,6.74
phi4:14b,12,0,4,11.81,0,15.80
phi4:14b,12,0,5,11.81,0,6.40
phi4:14b,12,0,6,11.81,0,8.65
phi4:14b,12,0,0,11.81,2,7.74
phi4:14b,12,0,1,11.81,2,7.47
phi4:14b,12,0,2,11.81,2,7.58
phi4:14b,12,0,3,11.81,2,6.87
phi4:14b,12,0,4,11.81,2,15.61
phi4:14b,12,0,5,11.81,2,5.67
phi4:14b,12,0,6,11.81,2,7.40
phi4:14b,12,0,0,11.81,4,9.60
phi4:14b,12,0,1,11.81,4,8.90
phi4:14b,12,0,2,11.81,4,8.86
phi4:14b,12,0,3,11.81,4,7.96
phi4:14b,12,0,4,11.81,4,12.03
phi4:14b,12,0,5,11.81,4,8.00
phi4:14b,12,0,6,11.81,4,7.63
phi4:14b,12,0,0,11.81,6,8.53
phi4:14b,12,0,1,11.81,6,9.93
phi4:14b,12,0,2,11.81,6,9.28
phi4:14b,12,0,3,11.81,6,11.16
phi4:14b,12,0,4,11.81,6,14.51
phi4:14b,12,0,5,11.81,6,8.95
phi4:14b,12,0,6,11.81,6,7.52
phi4:14b,12,0,0,11.81,8,11.34
phi4:14b,12,0,1,11.81,8,10.99
phi4:14b,12,0,2,11.81,8,8.27
phi4:14b,12,0,3,11.81,8,8.86
phi4:14b,12,0,4,11.81,8,15.50
phi4:14b,12,0,5,11.81,8,9.10
phi4:14b,12,0,6,11.81,8,9.93
phi4:14b,12,0,0,11.81,10,10.53
phi4:14b,12,0,1,11.81,10,10.95
phi4:14b,12,0,2,11.81,10,9.93
phi4:14b,12,0,3,11.81,10,15.21
phi4:14b,12,0,4,11.81,10,15.55
phi4:14b,12,0,5,11.81,10,10.58
phi4:14b,12,0,6,11.81,10,7.90
phi4:14b,12,0,0,11.81,12,15.12
phi4:14b,12,0,1,11.81,12,14.17
phi4:14b,12,0,2,11.81,12,13.21
phi4:14b,12,0,3,11.81,12,12.11
phi4:14b,12,0,4,11.81,12,15.46
phi4:14b,12,0,5,11.81,12,15.12
phi4:14b,12,0,6,11.81,12,12.22
phi4:14b,12,1,0,11.54,0,7.29
phi4:14b,12,1,1,11.54,0,7.23
phi4:14b,12,1,2,11.54,0,5.73
phi4:14b,12,1,3,11.54,0,6.87
phi4:14b,12,1,4,11.54,0,12.95
phi4:14b,12,1,5,11.54,0,6.21
phi4:14b,12,1,6,11.54,0,6.61
phi4:14b,12,1,0,11.54,2,7.20
phi4:14b,12,1,1,11.54,2,7.57
phi4:14b,12,1,2,11.54,2,6.78
phi4:14b,12,1,3,11.54,2,6.35
phi4:14b,12,1,4,11.54,2,13.83
phi4:14b,12,1,5,11.54,2,6.18
phi4:14b,12,1,6,11.54,2,7.14
phi4:14b,12,1,0,11.54,4,8.87
phi4:14b,12,1,1,11.54,4,9.01
phi4:14b,12,1,2,11.54,4,8.67
phi4:14b,12,1,3,11.54,4,6.52
phi4:14b,12,1,4,11.54,4,11.85
phi4:14b,12,1,5,11.54,4,6.96
phi4:14b,12,1,6,11.54,4,6.41
phi4:14b,12,1,0,11.54,6,9.32
phi4:14b,12,1,1,11.54,6,8.42
phi4:14b,12,1,2,11.54,6,7.20
phi4:14b,12,1,3,11.54,6,9.16
phi4:14b,12,1,4,11.54,6,12.64
phi4:14b,12,1,5,11.54,6,8.35
phi4:14b,12,1,6,11.54,6,6.44
phi4:14b,12,1,0,11.54,8,8.97
phi4:14b,12,1,1,11.54,8,8.05
phi4:14b,12,1,2,11.54,8,7.90
phi4:14b,12,1,3,11.54,8,11.81
phi4:14b,12,1,4,11.54,8,12.58
phi4:14b,12,1,5,11.54,8,7.21
phi4:14b,12,1,6,11.54,8,10.09
phi4:14b,12,1,0,11.54,10,9.79
phi4:14b,12,1,1,11.54,10,10.54
phi4:14b,12,1,2,11.54,10,9.21
phi4:14b,12,1,3,11.54,10,10.99
phi4:14b,12,1,4,11.54,10,11.70
phi4:14b,12,1,5,11.54,10,7.69
phi4:14b,12,1,6,11.54,10,9.85
phi4:14b,12,1,0,11.54,12,11.31
phi4:14b,12,1,1,11.54,12,12.92
phi4:14b,12,1,2,11.54,12,11.94
phi4:14b,12,1,3,11.54,12,12.77
phi4:14b,12,1,4,11.54,12,12.90
phi4:14b,12,1,5,11.54,12,10.91
phi4:14b,12,1,6,11.54,12,11.87
phi4:14b,12,2,0,11.65,0,7.15
phi4:14b,12,2,1,11.65,0,6.17
phi4:14b,12,2,2,11.65,0,5.94
phi4:14b,12,2,3,11.65,0,7.33
phi4:14b,12,2,4,11.65,0,16.10
phi4:14b,12,2,5,11.65,0,5.55
phi4:14b,12,2,6,11.65,0,6.15
phi4:14b,12,2,0,11.65,2,7.83
phi4:14b,12,2,1,11.65,2,7.47
phi4:14b,12,2,2,11.65,2,7.30
phi4:14b,12,2,3,11.65,2,7.61
phi4:14b,12,2,4,11.65,2,16.68
phi4:14b,12,2,5,11.65,2,6.19
phi4:14b,12,2,6,11.65,2,7.34
phi4:14b,12,2,0,11.65,4,8.63
phi4:14b,12,2,1,11.65,4,8.04
phi4:14b,12,2,2,11.65,4,8.18
phi4:14b,12,2,3,11.65,4,8.30
phi4:14b,12,2,4,11.65,4,11.60
phi4:14b,12,2,5,11.65,4,7.06
phi4:14b,12,2,6,11.65,4,8.90
phi4:14b,12,2,0,11.65,6,9.12
phi4:14b,12,2,1,11.65,6,9.82
phi4:14b,12,2,2,11.65,6,8.01
phi4:14b,12,2,3,11.65,6,11.87
phi4:14b,12,2,4,11.65,6,13.90
phi4:14b,12,2,5,11.65,6,7.94
phi4:14b,12,2,6,11.65,6,8.75
phi4:14b,12,2,0,11.65,8,10.02
phi4:14b,12,2,1,11.65,8,9.45
phi4:14b,12,2,2,11.65,8,9.43
phi4:14b,12,2,3,11.65,8,10.39
phi4:14b,12,2,4,11.65,8,14.34
phi4:14b,12,2,5,11.65,8,10.50
phi4:14b,12,2,6,11.65,8,10.21
phi4:14b,12,2,0,11.65,10,10.84
phi4:14b,12,2,1,11.65,10,11.32
phi4:14b,12,2,2,11.65,10,9.72
phi4:14b,12,2,3,11.65,10,10.74
phi4:14b,12,2,4,11.65,10,17.35
phi4:14b,12,2,5,11.65,10,9.66
phi4:14b,12,2,6,11.65,10,8.63
phi4:14b,12,2,0,11.65,12,13.25
phi4:14b,12,2,1,11.65,12,12.95
phi4:14b,12,2,2,11.65,12,13.06
phi4:14b,12,2,3,11.65,12,16.44
phi4:14b,12,2,4,11.65,12,15.21
phi4:14b,12,2,5,11.65,12,13.57
phi4:14b,12,2,6,11.65,12,12.06
