"He dropped his toothbrush. It fell on the floor. He picked up his toothbrush. He rinsed it off. He brushed his teeth. He rinsed his mouth. He walked out of the bathroom. He sat on his bed. He felt something. It was under the sheet. He took the sheet off the bed. Something was in his mattress. It was a brand new mattress. He had bought it yesterday. What is in the mattress, he wondered. He went to the kitchen. He took a knife from the kitchen drawer. He cut open the mattress. What could it be, he wondered. It was small. It was black. It was a book. It was the New Testament. Is God trying to tell me something, he wondered."
"Peggy went to church every Sunday. She loved to go to church. At church she was with her family and friends. At church she was with the saints. She was with the angels. And most of all, Peggy was with God. She always talked to God in church. She always asked God to stop war. She asked God to stop hate. She asked God to stop sickness. But war and hate and sickness did not stop. There were war and hate and sickness every day. ""Mommy, why doesn't God stop war and hate and sickness?"" Peggy asked. ""God will,"" her mom said, ""when more people ask."""
"How much do I need to insert here to make one copy?
It depends. Do you want your copy in color or black and white?
I want it in color.
Then it will be 20 cents per page.
That's kind of expensive.
Yeah, but most of us don't have a copy machine of our own.
I have one, but it's broken.
That sucks. Well, if money's an issue, you can copy your stuff in black and white.
No, it has to be color.
Do you really not have 20 cents?
I do, but I'm really cheap.
Well, you don't really have a choice at this point."
"He was a famous cartoonist. He drew political cartoons. His cartoons made fun of presidents. His cartoons made fun of vice presidents. His cartoons made fun of Congress. Politicians hated him. Ordinary people loved him. His name was Paul. He put 400 of his cartoons in a book. He sold the book at a book fair. Many people bought the book. He signed the book for everyone. He autographed the book for everyone. ""Why are you selling this book? Do you need extra money?"" Becky asked. ""Yes, I need extra money,"" Paul said. ""The newspaper laid me off. They said my cartoons are mean. My cartoons make the politicians cry."" ""But your cartoons tell the truth,"" Becky said. ""Yes, and the truth hurts,"" said Paul."
"Patty needed help with her computer. She asked a coworker to help her. Patty said she would treat her coworker to a nice dinner. Her coworker asked, ""What kind of dinner?"" Patty said a nice Chinese dinner. Her coworker said that sounded good. She would come over to Patty's apartment at 7 o'clock. Patty went home after work. She made a delicious Chinese dinner. But her coworker didn't show up at 7 o'clock. Her coworker didn't show up at 7:30. Her coworker didn't call. Patty called her coworker. No one answered. At 9:30 Patty went to bed. The phone rang. It was her coworker. Patty didn't answer the phone. Tomorrow she would ask someone else to help her."
"My best friend's name is Joseph Taylor, but he prefers to be called Joe. He does a lot of stupid stuff, and it usually gets him in trouble. The other day, while he was trying to impress some girls, he fell off his skateboard and broke his arm. Joe had to get his arm in a cast, but he told me it was worth it. He had already gotten three phone numbers from the girls he was trying to impress.
 
I always love Joe coming over to my house, because it makes my day more exciting. After he showed me his arm, Joe asked me if I wanted to go to the mall. ""Sure, why not?"" I said. I asked my mom for permission, and she said yes.
When we got to the mall, Joe wanted to get something to eat, so we went to McDonald's. We got two hamburgers and two sodas, and then we went walking around the mall. For some reason, Joe always liked stealing things from the stores at the mall. I never understood why he stole the things he did. For example, that day he stole three key chains, five pairs of socks, and a t-shirt of a television show that he had never heard of. Joe always said the same thing when he got out of the store, ""I love the rush of stealing!"" I always looked at him, shook my head, and called him an idiot.
The worst was yet to come. When we were leaving the mall to go catch the bus, a security guard grabbed Joe and me by the shoulders and told us we couldn't leave. The security guard took us to his office, and called our parents. I was worried because I knew my dad would yell at me. Joe, on the other hand, was laughing and was telling me jokes. When our parents showed up to pick us up, Joe looked at me, smiling, and said, ""See you in a couple of months."" I looked at him, shook my head, and called him an idiot."
" 
As a bartender at one of Los Angeles's busiest clubs, Daniel King often saw a lot of weird stuff. During the last party he worked, he saw five people throwing up on the dance floor, two fights, and a girl losing her top in front of everyone. The weirdest thing that ever happened to Daniel was when a drunken girl asked him to dance. He denied at first, but when she came back for another drink, she dragged him to the dance floor.
 
Girls had dragged Daniel to the dance floor before, but this time was different. The girls that dragged him out before actually knew how to dance, but this girl did not and was drunk. She kept jumping up and down. Shaking her body and looking at Daniel straight in the eyes. She was so drunk that she kept bumping into the other people that were dancing.
As the music played, the girl kept jumping and dancing. She kept yelling to Daniel that she had to go to the restroom, but he couldn't hear her. She yelled at Daniel once more and that's when it happened. She had an accident on the dance floor. Some of her urine actually got on Daniel's shoes. After it happened, the girl was so embarrassed that she ran out of the club crying. Daniel couldn't believe what had happened. He told people to move out of the way, while his friend came over to clean up the dance floor.
The weird thing about that incident was that the girl came back the next day looking for her cell phone, but she didn't remember Daniel. Daniel wanted to go hide, because he thought she would recognize him, but she didn't. Daniel decided that he would never go out to dance with another girl while he was working."
"Fires are destructive. They also create changes. In 1871 a fire burned most of Chicago to the ground. Many people think the fire was started when a cow knocked over a gas lamp. Most of the city at the time was built of wood. This, combined with the famous Chicago winds and a drought, made the city burn down quickly. The fire lasted for three days. 100,000 people were left homeless, and at least 300 were killed. What was amazing was how quickly the city was rebuilt, eventually becoming the third most populous city in the United States.
 
The Great Boston Fire of 1872 created a property damage of $73.5 million, more than any other fire in the U.S. history. Most of Downtown Boston and the financial district burned down in the fire that began in a warehouse basement. 30 people died, and thousands lost their jobs and their homes. However, the city was rebuilt in two years. It began enforcing building regulations because of the fire.
The 1911 Triangle Shirtwaist Factory fire in New York City caused the fourth highest loss of life from an industrial accident in the U.S. history. 123 women and 23 men, all garment workers and mostly poor immigrants, died from the fire, smoke inhalation, or falling or jumping to their deaths. Child labor was not uncommon. The youngest victims were two 14-year-old girls who worked in the factory. So many people died because the owners of the factory locked the doors to the stairs and exits. This was to prevent the workers from taking breaks and stealing. As a result of the fire and huge loss of life, many people began protesting poor working conditions. The U.S. Congress passed laws improving factory safety conditions. Women workers also formed a union to fight for better working conditions."
"﻿In typical bad-boyfriend style, Dan Sullivan was late to breakfast with the Guardian because he got pulled over on his motorcycle. 
Sullivan works too much, he says. He misses dinner dates. He forgets to give presents. 
And so, like seemingly everyone in Silicon Valley, the 27-year-old venture capitalist has come up with a start-up to fix it: BetterBoyfriend.me, a service that sends girlfriends and wives a present every month for about $70. 
Sullivan, who works in finance, has been quietly testing the program and has signed up about 350 boyfriends generating about $17,000 revenue every month. Most members, he says, are from his collection of Harvard and investor friends: venture capitalists, founders and employees of companies like Apple, Google and Facebook, whose girlfriends have been getting presents from Sullivan for the last year. 
Each month, Sullivan’s members choose from a list of seven possible gifts (chocolate, tea sets, manicures). The package is sent to the boyfriend unbranded and unlabelled. 
He tests his ideas by buying Facebook ads just to see what kind of traction they get. BetterBoyfriend.me took off. “BetterBoyfriend hit something,” Sullivan said. “It’s a pain point everyone has.” 
BetterBoyfriend.me was not Sullivan’s first idea. For a couple of days, he thought about a dog-sharing pitch: “I see all these rich guys looking just miserable walking dogs and I realized: a dog is only valuable 5% of the time,” he said. “So, what if we got a guy who would babysit the dogs and other people could rent them out?” 
Another start-up, called InvisibleBoyfriend, allows users “to design and build a believable social partner who is everything you want and is always available to talk, whenever you want”. The end result is a “boyfriend” who can text with you all day. 
Founder Kyle Tabor launched it to give users a faux boyfriend to deter unwanted advances but has found people have grown attached to their algorithmic partners: “Many more users are seeking companionship through conversation rather than external 'proof' of a relationship to get people off their back.” 
For Sullivan and Tabor, the surprise was the real relationships that have formed with their customers. Sullivan says he has begun to see himself as a sort of relationship consultant for the boyfriends. 
Sullivan admits he’s made mistakes. Early on, the packages included receipts that had his name on them, Dan Sullivan. “One of the boyfriends wrote to me and said, 'Listen, dude, she’s not mad but Cynthia found out'.” 
About 50% of the women BetterBoyfriend.me deliver packages to know about his involvement in their relationships: “It’s correlated with age. I think, after you’ve been married a while, you don’t keep many secrets.” 
And over the year, the young founder says he’s got to know the boyfriends really well. They’ve even done a delivery to a hospital delivery room. The key, he said, is to remember that his relationship is with the boyfriend. 
When he first launched his company, he attached tags that said BetterBoyfriend.me to flower bouquets and set off for Dolores Park, a popular lounging spot in the tech- and youth-heavy Mission District. 
“I looked for couples and gave the bouquet to the girl but that didn’t go down well with the boyfriend. Like, not at all. It made sense, though. It was cool,” he said. “So, I reconsidered and started handing them out to the boyfriends.”  "
"Angelina Jolie was on a stage Thursday but was n't performing. Instead, she paid tribute to the millions of uprooted people across the globe made homeless by war.
Angelina Jolie said that sheltering countries can learn from the way refugees survive their difficulties.
A U.N. goodwill ambassador, Jolie was in Washington to observe World Refugee Day, an annual event that falls on Saturday this year. The poignant ceremony was sponsored by the United Nations refugee agency.
Tears flowed as refugees and displaced people shared their harrowing experiences and advocates related what they 'd seen in refugee camps.
 I believe we must persuade the world that refugees must not be simply viewed as a burden, she said. They are the survivors. And they can bring those qualities to the service of their communities and the countries that shelter them. 
Jolie spoke of her visits to refugee camps in Tanzania and Pakistan.
She met a boy about 15 years old in a Tanzanian refugee camp who, without a wheelchair, had to crawl since a shot in the back paralyzed him. His family was killed, leaving him as an orphan. Yet when he spoke with her, he did it with a smile.
 He had this really remarkable, unbreakable spirit, she told CNN's Anderson Cooper after the event at the National Geographic Museum.
 I think of him and I ca n't complain about anything... he was grateful and he had nothing and suffered everything. 
The boy died a few months after she met him, Jolie said.
According to a U.N. High Commissioner for Refugees survey of displacement trends in 2008, there are 42 million uprooted people -- 15.2 million were refugees, 26 million were internally displaced people and 827,000 were asylum seekers.
Afghans and Iraqis constituted almost half of all refugees worldwide. One out of four refugees was from Afghanistan, and 69 countries accepted Afghan refugees for asylum, agency officials found.
Jolie recounted her meeting with a pregnant Afghan refugee.
She lived in a small, roofless dirt house in an abandoned refugee camp in Pakistan and could not leave with the others because she was too far along in her pregnancy.
Pakistan struggles with the largest refugee population in the world, about 1.8 million, according to the United Nations. The country also has more than 2 million internally displaced citizens, largely because of the fighting between the Pakistani military and the Taliban since April.
Antonio Guterres, head of the U.N.'s refugee agency, elaborated on the plight of displaced people at the event.
He said internally displaced people face the same plight -LSB- as refugees -RSB-. They have lost the same as refugees. They do n't have the same international protections granted to refugees. 
Conflicts like those in Pakistan, Sri Lanka and Somalia have caused more people to flee their homes, though the number of displaced people declined by about 700,000 in 2008, the report said.
Recent fighting in the eastern Democratic Republic of the Congo and in Somalia last year brought total displacement in each to 1.5 million and 1.3 million, respectively. More than 2 million internally displaced people were in Sudan's Darfur region, according to the report.
When a genocide targeting Tutsis in Rwanda in 1994 later spilled over into the Democratic Republic of the Congo, Rose Mapendo, a Tutsi, was caught in the middle. She spoke at the event and described her ordeal.
Mapendo, her husband and seven children were thrown into a death camp, where her husband was executed and her children starved, she said through tears.
While at the prison, she learned that she was pregnant. She gave birth in silence, on a concrete floor, Mapendo said. To her surprise, she had twins, and to her captorssurprise, she named her newborns after them. Soon after her gesture toward the prison commanders, her family was freed after their 16-month ordeal.
Mapendo, named a CNN Hero in October, created Mapendo International, a nonprofit dedicated to identifying, saving and resettling endangered refugees. She was named humanitarian of the year at the event by the U.N. agency.
 I want to encourage the refugees do n't give up, she said. Giving up is not an option. 
CNN's Khadijah Rentas, Shalina Wadhwani and Paul Courson contributed to this report
"
"At least eight people are dead after a bizarre mix of weather across the country spawned tornadoes, ice storms and record-setting warmth this weekend.
Four of the deaths involved two vehicle accidents in Kentucky. Three people drowned in the Rolling Fork River near New Hope when a car drove into the water. Two people escaped but were hospitalized with hypothermia.
 Water was out of the banks, considerably up onto the roadway area. They ran their vehicle into the water. Two of the folks were exiting the vehicle as the swift water started pushing the vehicle downstream. The other three occupants of the vehicle were unable to exit, said Joe Prewitt, with Nelson County Emergency Management.
In the other crash, a rider on an ATV overturned into a creek near Carrollton and was trapped underneath.
The Kentucky Emergency Management reported a fifth death because of flood waters, in Ballard County, but did not provide specifics.
Authorities did not release the identities of the victims.
Several flood warnings remained in effect Sunday along some Kentucky rivers and streams.
Two deaths occurred in the Mississippi counties of Coahoma and Jasper, where severe weather damaged homes and knocked down trees, according to the Mississippi Emergency Management Agency.
The eighth fatality came from a traffic accident near Kansas City, said Chris Redline of the Missouri Department of Transportation.
 We also had to close a lot of roads in southeast Missouri because of flooding, Redline said.
Flooding, extreme cold and unseasonable warmth covered other parts of the country. To make sense of it all, let us take you on a North American tour.
Southeast: Thunderstorms, tornadoes and torrential downpours
Heavy rain, damaging winds and lightning continued. These storms were forecast to spread, bringing downpours to Georgia, South Carolina and up the East Coast into Monday.
While cooler, the weather is expected to be much quieter and drier Christmas Eve and Christmas Day.
On Saturday night, the National Weather Service said a tornado was likely to blame for damage in central Mississippi, including four semi-trucks overturned and five houses heavily damaged.
The main trigger for the severe weather is the above-average temperatures farther north.
Midwest: Lake-effect snow
Sara Hadley sent CNN iReport photographs Sunday of the aftermath of a storm in Lansing, Michigan.
 It did n't start off too bad until we lost power last night. At that point we knew it was getting bad. Last time we had ice like this was 1998, she wrote.
Her images showed branches and pine cones covered by thin layers of ice.
Moderate to heavy lake-enhanced snow was expected for far western and north central upper Michigan into Monday night.
Central Plains: Slammed with ice and snow
Temperatures will be 15 to 25 degrees colder than normal Monday with a gradual moderation into Christmas Day.
In Kansas and southeast Nebraska, snowfalls will total 3 to 6 inches. And those cold temps will keep folks shivering.
Whitney Eichinger of Southwest Airlines said the company is trying to offer customers options.
 We are allowing customers to rebook their trip with no penalty through -LRB- Sunday -RRB-, she said. That has more to do with traveling to the airport, not flight cancellations. 
Mid-Atlantic/Northeast: Weirdly warm
If there is one present being handed out on as winter begins, it is the well above-average temperatures in the Mid-Atlantic.
New York City broke a record high Sunday, according to Ashley Sears, a meteorologist with the National Weather Service.
 -LRB- The record -RRB- was previously 63 degrees in 1998. And we are currently sitting at 70 degrees, which we 've been at for the past couple of hours, she said.
Farther north, however, the situation has been less cozy. In Maine and across New Hampshire, Vermont and into northern New York, winter warnings -- including ice storm warnings and freezing rain -- were in effect.
New York Gov. Andrew Cuomo declared a winter ice emergency and activated the state's emergency operations center.
The National Weather Service in Buffalo said up to an inch of ice accumulation is expected, and areas near the St. Lawrence and Black Rivers could see even more.
Canada: Unusually cold
Toronto Mayor Rob Ford described the winter weather Sunday as one of the worst storms in the city's history.
He said he hopes that power will be restored to the more than 250,000 customers currently without it by Christmas Day.
Toronto Police Sgt. Jeff Zammit said it has been colder than normal during December, and that freezing rain and fallen trees have brought down many power lines.
 It truly is a catastrophic ice storm that we 've had here, probably one of the worst we 've ever had, Toronto Hydro CEO Anthony Haines told CTV Network.
For customers with service, the company asked that they share the power and consider asking neighbors inside.
The city has also opened warming stations.
CNN's Jennifer Gray, Morgan Winsor, Nick Valencia, Janet DiGiacomo, Todd Borek and Matt Daniel contributed to this report.
"
"-LRB- CNN -RRB- Arsenal kept their slim hopes of winning this season's English Premier League title alive by beating relegation threatened Burnley 1-0 at Turf Moor.
A first half goal from Welsh international Aaron Ramsey was enough to separate the two sides and secure Arsenal's hold on second place.
More importantly it took the north London club to within four points of first placed Chelsea, with the two clubs to play next week.
But Chelsea have two games in hand and play lowly Queens Park Rangers on Sunday, a team who are themselves struggling against relegation.
Good form
Arsenal have been in superb form since the start of the year, transforming what looked to be another mediocre season struggling to secure fourth place -- and with it Champions League qualification -- into one where they at least have a shot at winning the title.
After going ahead, Arsenal rarely looked in any danger of conceding, showing more of the midfield pragmatism epitomized by the likes of Francis Coquelin, who also played a crucial role in the goal.
 He has been absolutely consistent in the quality of his defensive work, Arsenal coach Arsene Wenger told Sky Sports after the game when asked about Coquelin's contribution to Arsenal's current run.
They have won eight games in a row since introducing the previously overlooked young Frenchman into a more defensive midfield position.
 He was a player who was with us for seven years, from 17, he's now just 24, Wenger explained.
 Sometimes you have to be patient. I am very happy for him because he has shown great mental strength. 
Now all eyes will be on next week's clash between Arsenal and Chelsea which will likely decide the title.
 They have the games in hand, said Wenger, playing down his club's title aspirations.
 But we 'll keep going and that's why the win was so important for us today. 
Relegation dogfight
Meanwhile it was a good day for teams at the bottom of the league.
Aston Villa continued their good form since appointing coach Tim Sherwood with a 1-0 victory over Tottenham, who fired Sherwood last season.
Belgian international Christian Benteke scored the only goal of the game, his eighth in six matches, to secure a vital three points to give the Midlands club breathing space.
Another Midlands club looking over their shoulder is West Brom, who conceded an injury time goal to lose 3-2 against bottom club Leicester City.
But it was an awful day for Sunderland's former Dutch international coach Dick Advocaat, who saw his team lose 4-1 at home against form team Crystal Palace.
Democratic Republic of Congo international Yannick Bolasie scored Crystal Palace's first ever hat trick in the Premier League to secure an easy victory.
"
"Gabriela worked for a multinational company as a successful project manager in Brazil and was transferred to manage a team in Sweden. She was excited about her new role but soon realised that managing her new team would be a challenge.
Despite their friendliness, Gabriela didn't feel respected as a leader. Her new staff would question her proposals openly in meetings, and when she gave them instructions on how to carry out a task, they would often go about it in their own way without checking with her. When she announced her decisions on the project, they would continue giving their opinions as if it was still up for discussion.
After weeks of frustration, Gabriela emailed her Swedish manager about the issues she was facing with her team. Her manager simply asked her if she felt her team was still performing, and what she thought would help her better collaborate with her team members. Gabriela found her manager vague and didn't feel as if he was managing the situation satisfactorily.
What Gabriela was experiencing was a cultural clash in expectations. She was used to a more hierarchical framework where the team leader and manager took control and gave specific instructions on how things were to be done. This more directive management style worked well for her and her team in Brazil but did not transfer well to her new team in Sweden, who were more used to a flatter hierarchy where decision making was more democratic. When Gabriela took the issue to her Swedish manager, rather than stepping in with directions about what to do, her manager took on the role of coach and focused on getting her to come up with her own solutions instead.
Dutch social psychologist Geert Hofstede uses the concept of 'power distance' to describe how power is distributed and how hierarchy is perceived in different cultures. In her previous work environment, Gabriela was used to a high power distance culture where power and authority are respected and everyone has their rightful place. In such a culture, leaders make the big decisions and are not often challenged. Her Swedish team, however, were used to working in a low power distance culture where subordinates often work together with their bosses to find solutions and make decisions. Here, leaders act as coaches or mentors who encourage independent thought and expect to be challenged.
When Gabriela became aware of the cultural differences between her and her team, she took the initiative to have an open conversation with them about their feelings about her leadership. Pleased to be asked for their thoughts, Gabriela's team openly expressed that they were not used to being told what to do. They enjoyed having more room for initiative and creative freedom. When she told her team exactly what she needed them to do, they felt that she didn't trust them to do their job well. They realised that Gabriela was taking it personally when they tried to challenge or make changes to her decisions, and were able to explain that it was how they'd always worked.
With a better understanding of the underlying reasons behind each other's behaviour, Gabriela and her team were able to adapt their way of working. Gabriela was then able to make adjustments to her management style so as to better fit the expectations of her team and more effectively motivate her team to achieve their goals."
