mistral:7b,0,0,0,0,943997568,65936418,157,30707000,109,842609000
mistral:7b,0,0,1,0,1106695017,58172239,169,41078000,126,979036000
mistral:7b,0,0,2,0,948823380,58227431,197,45980000,105,815165000
mistral:7b,0,0,3,0,1302059292,73313125,191,46618000,148,1152595000
mistral:7b,0,0,4,0,912849911,76406337,115,34007000,100,773342000
mistral:7b,0,0,5,0,1154669213,71984847,315,79268000,124,970414000
mistral:7b,0,0,6,0,932442895,73848894,230,51916000,98,765274000
mistral:7b,0,0,0,2,1018466418,73934537,157,40741000,112,872978000
mistral:7b,0,0,1,2,958360879,73406948,169,40698000,105,818280000
mistral:7b,0,0,2,2,1000609892,53061184,197,46369000,112,874684000
mistral:7b,0,0,3,2,1262063752,76767729,191,48037000,141,1107131000
mistral:7b,0,0,4,2,1121459069,55790612,99,30431000,129,1007552000
mistral:7b,0,0,5,2,1229688781,52912038,343,88569000,135,1064432000
mistral:7b,0,0,6,2,979890161,67017367,230,53779000,104,816666000
mistral:7b,0,0,0,4,1029820692,64359842,157,40716000,114,893169000
mistral:7b,0,0,1,4,1041805512,65773862,169,41568000,116,909535000
mistral:7b,0,0,2,4,977919928,54135472,197,46943000,108,849114000
mistral:7b,0,0,3,4,1292305695,58409936,191,48051000,147,1157570000
mistral:7b,0,0,4,4,905141741,67477764,126,33890000,99,775456000
mistral:7b,0,0,5,4,1166209285,70889746,433,104862000,122,965950000
mistral:7b,0,0,6,4,1284362834,77673741,230,53194000,140,1104579000
mistral:7b,0,0,0,6,980512437,79217096,157,41836000,105,826086000
mistral:7b,0,0,1,6,1093636805,73158878,169,41378000,121,954063000
mistral:7b,0,0,2,6,1100648957,62270315,197,47839000,122,963662000
mistral:7b,0,0,3,6,1415816380,79460535,191,48355000,159,1258692000
mistral:7b,0,0,4,6,1058384980,77987832,132,42166000,115,904612000
mistral:7b,0,0,5,6,3075219183,77480133,596,135786000,353,2833715000
mistral:7b,0,0,6,6,1203754608,77385840,230,53658000,125,991742000
mistral:7b,0,0,0,8,903127519,77728042,157,41540000,96,752394000
mistral:7b,0,0,1,8,993745346,44124751,169,42101000,112,884729000
mistral:7b,0,0,2,8,881313982,78235481,197,48110000,92,724647000
mistral:7b,0,0,3,8,1477879967,75658788,191,48204000,166,1323628000
mistral:7b,0,0,4,8,1685120474,59958381,143,42291000,195,1552247000
mistral:7b,0,0,5,8,2186800565,54573817,532,123569000,245,1970277000
mistral:7b,0,0,6,8,1146296179,78865693,230,53588000,118,939973000
mistral:7b,0,0,0,10,1093786474,55126937,158,41580000,121,961663000
mistral:7b,0,0,1,10,1152984967,56936982,170,42595000,129,1026700000
mistral:7b,0,0,2,10,1102000029,77765003,198,48334000,119,947356000
mistral:7b,0,0,3,10,1443031240,77518844,192,48009000,161,1286961000
mistral:7b,0,0,4,10,1107986222,78716227,129,34693000,121,962512000
mistral:7b,0,0,5,10,1798244887,68122095,728,176036000,187,1512289000
mistral:7b,0,0,6,10,1497773297,76343992,231,53647000,160,1282917000
mistral:7b,0,0,0,12,1441691354,73913753,158,41600000,161,1289317000
mistral:7b,0,0,1,12,1514001098,78252350,170,43548000,170,1362403000
mistral:7b,0,0,2,12,1188419075,67112909,198,47841000,130,1040641000
mistral:7b,0,0,3,12,1537560295,76781957,192,48359000,172,1379816000
mistral:7b,0,0,4,12,2180470207,79552916,135,41996000,253,2029491000
mistral:7b,0,0,5,12,4002509092,71865690,1487,358068000,423,3511335000
mistral:7b,0,0,6,12,1492583455,40783079,231,55725000,153,1229723000
mistral:7b,0,1,0,0,1608793411,44510523,189,49818000,184,1477353000
mistral:7b,0,1,1,0,1579989642,59962210,201,48939000,179,1436797000
mistral:7b,0,1,2,0,1373683217,43713124,229,54658000,154,1238714000
mistral:7b,0,1,3,0,2364836182,67889796,223,57326000,273,2200668000
mistral:7b,0,1,4,0,2468864103,59014316,137,44562000,290,2331875000
mistral:7b,0,1,5,0,1579241215,54334107,347,49165000,177,1424828000
mistral:7b,0,1,6,0,1470109513,55207919,262,48657000,163,1310988000
mistral:7b,0,1,0,2,1532112175,54322506,189,49281000,173,1389809000
mistral:7b,0,1,1,2,1595260847,69155960,201,48818000,179,1439133000
mistral:7b,0,1,2,2,1522159443,79433881,229,54657000,168,1351962000
mistral:7b,0,1,3,2,2079603778,78032381,223,55413000,237,1908995000
mistral:7b,0,1,4,2,1098451860,60051243,175,48428000,119,953672000
mistral:7b,0,1,5,2,1719355259,68690414,375,48531000,194,1561134000
mistral:7b,0,1,6,2,1378193190,78592010,262,48781000,148,1192072000
mistral:7b,0,1,0,4,1491662516,68267028,189,48844000,166,1337920000
mistral:7b,0,1,1,4,1249929650,77267412,201,49063000,135,1088343000
mistral:7b,0,1,2,4,1251011328,70979316,229,55040000,136,1092725000
mistral:7b,0,1,3,4,1808828203,79403999,223,55107000,204,1638315000
mistral:7b,0,1,4,4,1292789219,78421824,168,48828000,141,1129123000
mistral:7b,0,1,5,4,2243949655,77539502,465,47957000,256,2072617000
mistral:7b,0,1,6,4,1267137643,56000987,262,49127000,136,1090798000
mistral:7b,0,1,0,6,1459418074,74245273,189,48400000,162,1301264000
mistral:7b,0,1,1,6,1321977544,53916631,201,48536000,148,1186412000
mistral:7b,0,1,2,6,1539530466,61642979,229,54050000,173,1390737000
mistral:7b,0,1,3,6,1628803198,70586341,223,54922000,182,1462947000
mistral:7b,0,1,4,6,2057859741,78312689,164,47385000,236,1896481000
mistral:7b,0,1,5,6,1423737132,73900381,628,48521000,153,1240884000
mistral:7b,0,1,6,6,1420569016,77693127,262,48697000,152,1219635000
mistral:7b,0,1,0,8,1403406117,75347962,189,47974000,155,1242910000
mistral:7b,0,1,1,8,1268050724,62430657,201,49149000,140,1122737000
mistral:7b,0,1,2,8,1272971880,60123984,229,53677000,140,1124047000
mistral:7b,0,1,3,8,1774616626,77228060,223,55296000,200,1607545000
mistral:7b,0,1,4,8,1799477256,66927269,182,47795000,205,1646508000
mistral:7b,0,1,5,8,1216303586,48483045,564,48784000,131,1053959000
mistral:7b,0,1,6,8,1567324668,76904328,262,48407000,171,1372864000
mistral:7b,0,1,0,10,1279178317,80126264,190,49290000,139,1110484000
mistral:7b,0,1,1,10,1597244303,58564108,202,48735000,182,1458333000
mistral:7b,0,1,2,10,1430610414,76567546,230,54288000,157,1258888000
mistral:7b,0,1,3,10,1661482961,78481824,224,54963000,186,1491056000
mistral:7b,0,1,4,10,892929302,55089202,149,41582000,95,751630000
mistral:7b,0,1,5,10,4260027722,76489213,760,48808000,502,4085253000
mistral:7b,0,1,6,10,1333068017,77827390,263,47972000,136,1088616000
mistral:7b,0,1,0,12,1790198354,75210036,190,49321000,203,1626782000
mistral:7b,0,1,1,12,1601603487,79395047,202,48900000,179,1436129000
mistral:7b,0,1,2,12,1434592686,71013245,230,53808000,159,1275012000
mistral:7b,0,1,3,12,2240547472,59263382,224,55526000,259,2087943000
mistral:7b,0,1,4,12,1769634286,78372030,172,47583000,201,1607665000
mistral:7b,0,1,5,12,6668665010,60840568,1519,51065000,778,6466581000
mistral:7b,0,1,6,12,2326476908,78007956,263,48149000,249,1998965000
mistral:7b,0,2,0,0,1461467420,79584843,175,47671000,161,1286702000
mistral:7b,0,2,1,0,1155425281,85562968,187,47845000,124,988979000
mistral:7b,0,2,2,0,1293740755,76884316,215,48317000,142,1137223000
mistral:7b,0,2,3,0,912685668,80580568,209,53938000,94,744385000
mistral:7b,0,2,4,0,1163688816,64404267,91,28131000,131,1042648999
mistral:7b,0,2,5,0,1118163037,54552652,333,42992000,123,983091000
mistral:7b,0,2,6,0,958976021,72840340,248,56511000,99,786967000
mistral:7b,0,2,0,2,1291340644,77781647,175,48126000,142,1132684000
mistral:7b,0,2,1,2,1143970363,66278774,187,48174000,125,997396000
mistral:7b,0,2,2,2,1574194176,74706297,215,50260000,177,1417309000
mistral:7b,0,2,3,2,1607120699,73720362,209,54110000,180,1442374000
mistral:7b,0,2,4,2,1821621620,74680566,147,42173000,209,1672109000
mistral:7b,0,2,5,2,1270547751,45181355,361,42357000,142,1136505000
mistral:7b,0,2,6,2,1315827949,78373209,248,54543000,142,1136757000
mistral:7b,0,2,0,4,1074760859,73239114,175,47856000,115,916212000
mistral:7b,0,2,1,4,1162458352,78267005,187,48582000,126,1005475000
mistral:7b,0,2,2,4,1326097376,79620214,215,47822000,146,1168388000
mistral:7b,0,2,3,4,1577402401,79797769,209,54570000,176,1406886000
mistral:7b,0,2,4,4,3286443879,73667549,137,42227000,392,3138217000
mistral:7b,0,2,5,4,2134138643,77943382,451,42205000,242,1944512000
mistral:7b,0,2,6,4,1193211131,76237361,248,55122000,125,999824000
mistral:7b,0,2,0,6,1315692034,74443366,175,46800000,145,1159387000
mistral:7b,0,2,1,6,1162981922,79503918,187,47455000,126,1005511000
mistral:7b,0,2,2,6,1339968044,68334106,215,48228000,149,1192256000
mistral:7b,0,2,3,6,1368999238,78575595,209,53781000,150,1200229000
mistral:7b,0,2,4,6,1763544150,65122391,119,34252000,204,1632681000
mistral:7b,0,2,5,6,3893674424,55200604,614,42540000,462,3744006000
mistral:7b,0,2,6,6,1218731201,64185717,248,55206000,126,1007871000
mistral:7b,0,2,0,8,1069300199,77190155,175,47187000,114,907269000
mistral:7b,0,2,1,8,1259721343,73717310,187,47756000,139,1110033000
mistral:7b,0,2,2,8,1303496985,54377874,215,49254000,146,1168205000
mistral:7b,0,2,3,8,1452127317,57139833,209,54245000,163,1305564000
mistral:7b,0,2,4,8,4477151293,53518504,120,35068000,543,4357653000
mistral:7b,0,2,5,8,1131968866,76844222,550,43513000,116,931183000
mistral:7b,0,2,6,8,1243254114,85822115,248,55371000,130,1041366000
mistral:7b,0,2,0,10,1283598494,56818503,176,48520000,143,1142935000
mistral:7b,0,2,1,10,1061440968,64597921,188,48896000,115,916016000
mistral:7b,0,2,2,10,1040309168,59641513,216,48896000,113,900312000
mistral:7b,0,2,3,10,1779866316,77022808,210,55097000,202,1614572000
mistral:7b,0,2,4,10,4376122134,78021934,136,41773000,525,4213854000
mistral:7b,0,2,5,10,4579954140,77293078,746,42998000,536,4358811000
mistral:7b,0,2,6,10,1649766721,75784153,249,42800000,176,1410773000
mistral:7b,0,2,0,12,1662271680,60598668,176,47736000,189,1512211000
mistral:7b,0,2,1,12,1310877682,77804765,188,48141000,144,1150489000
mistral:7b,0,2,2,12,1191792503,65711442,216,48765000,131,1046118999
mistral:7b,0,2,3,12,1773481182,76390835,210,54173000,201,1609284000
mistral:7b,0,2,4,12,2083524949,36030614,117,34978000,248,1982647000
mistral:7b,0,2,5,12,4622082920,72126121,1505,44779000,532,4408294000
mistral:7b,0,2,6,12,1552244226,57599719,249,55263000,158,1264833000
mistral:7b,2,0,0,0,1207858913,74214516,185,47673000,131,1047365000
mistral:7b,2,0,1,0,1029185164,47613860,197,49341000,113,901735000
mistral:7b,2,0,2,0,1102233997,83875813,225,54369000,117,933115000
mistral:7b,2,0,3,0,1460645392,57326569,219,54379000,164,1314356000
mistral:7b,2,0,4,0,802225199,71010701,105,31087000,85,670686000
mistral:7b,2,0,5,0,1217904190,55362118,343,42710000,136,1087060000
mistral:7b,2,0,6,0,1226508789,66579972,258,43084000,133,1061586000
mistral:7b,2,0,0,2,1277373296,75618337,185,48093000,140,1117623000
mistral:7b,2,0,1,2,1254523024,78722008,197,48563000,137,1095260000
mistral:7b,2,0,2,2,1270285479,78389856,225,54871000,138,1104501000
mistral:7b,2,0,3,2,2783025725,74482935,219,54307000,326,2617689000
mistral:7b,2,0,4,2,2376298511,78351954,130,34757000,278,2231354000
mistral:7b,2,0,5,2,1372334741,72229875,371,43542000,150,1201283000
mistral:7b,2,0,6,2,1227894912,79174324,258,42433000,131,1047675999
mistral:7b,2,0,0,4,1418586670,77736242,185,48699000,157,1254959000
mistral:7b,2,0,1,4,1303258387,55376309,197,48313000,146,1165644000
mistral:7b,2,0,2,4,1381165325,77811655,225,53424000,152,1216234000
mistral:7b,2,0,3,4,1577514776,60837755,219,54299000,178,1426706000
mistral:7b,2,0,4,4,1427550847,62869717,148,41656000,161,1287176000
mistral:7b,2,0,5,4,2297600372,62683481,461,43112000,266,2140855000
mistral:7b,2,0,6,4,1167107122,77221153,258,43627000,121,968356000
mistral:7b,2,0,0,6,1416919453,76844019,185,47839000,157,1256655000
mistral:7b,2,0,1,6,1517989892,58165869,197,48473000,172,1378481000
mistral:7b,2,0,2,6,1316439683,81264128,225,54397000,143,1145638000
mistral:7b,2,0,3,6,1409672750,65520082,219,54377000,156,1254255000
mistral:7b,2,0,4,6,1303339890,74370770,151,42096000,144,1153162000
mistral:7b,2,0,5,6,1266139294,66170846,624,43788000,136,1092499000
mistral:7b,2,0,6,6,1462983762,77538695,258,42942000,158,1263737000
mistral:7b,2,0,0,8,1340322086,55820114,185,47613000,150,1199439000
mistral:7b,2,0,1,8,1260062014,77264384,197,47806000,138,1103473000
mistral:7b,2,0,2,8,1290299209,49879041,225,53532000,144,1155587000
mistral:7b,2,0,3,8,1571176912,71507847,219,54838000,176,1409615000
mistral:7b,2,0,4,8,1090343647,79583807,147,41554000,117,933085000
mistral:7b,2,0,5,8,1223704485,71094923,560,42830000,132,1061079999
mistral:7b,2,0,6,8,1474920464,76815268,258,43486000,160,1280704000
mistral:7b,2,0,0,10,1281831621,66966065,186,48575000,140,1119156000
mistral:7b,2,0,1,10,1188535030,73077274,198,48704000,129,1030172000
mistral:7b,2,0,2,10,1395895504,74618619,226,53511000,154,1233518000
mistral:7b,2,0,3,10,1858202020,53461059,220,54936000,213,1709638000
mistral:7b,2,0,4,10,1283332561,75992649,159,42214000,141,1126523000
mistral:7b,2,0,5,10,1713181071,76480975,756,43003000,188,1523829000
mistral:7b,2,0,6,10,1578467354,73808510,259,59716000,170,1362548000
mistral:7b,2,0,0,12,1312256137,77165390,186,47992000,143,1144222000
mistral:7b,2,0,1,12,1766917247,64136622,198,47761000,202,1619290000
mistral:7b,2,0,2,12,1502880368,67009506,226,53454000,167,1339379000
mistral:7b,2,0,3,12,1776579401,76859939,220,54693000,200,1604564000
mistral:7b,2,0,4,12,2139197644,63144716,180,47949000,248,1988583000
mistral:7b,2,0,5,12,1570245401,83232867,1515,44120000,161,1328768000
mistral:7b,2,0,6,12,1643916305,42589099,259,58797000,175,1400448000
mistral:7b,2,1,0,0,1649005796,78559569,194,49015000,184,1477461000
mistral:7b,2,1,1,0,1671095198,54988924,206,53924000,190,1525967000
mistral:7b,2,1,2,0,1558233147,59344640,234,54188000,175,1402644000
mistral:7b,2,1,3,0,1660587659,77898226,228,58450000,185,1482836000
mistral:7b,2,1,4,0,730180406,67293345,129,34427000,75,593321000
mistral:7b,2,1,5,0,1650606609,78305601,352,48769000,185,1487076000
mistral:7b,2,1,6,0,1716697849,73155605,267,48674000,191,1532643000
mistral:7b,2,1,0,2,1626558073,58073824,194,48091000,184,1475072000
mistral:7b,2,1,1,2,1838796589,56266179,206,53380000,211,1691065000
mistral:7b,2,1,2,2,1861497882,54884230,234,54015000,213,1710360000
mistral:7b,2,1,3,2,1658377832,69413931,228,58721000,185,1482716000
mistral:7b,2,1,4,2,1057063142,74477743,135,41765000,114,905491000
mistral:7b,2,1,5,2,1591406756,76123331,380,47804000,178,1429142000
mistral:7b,2,1,6,2,1643095050,45283505,267,49202000,185,1485840000
mistral:7b,2,1,0,4,1677071838,72532813,194,48756000,188,1511278000
mistral:7b,2,1,1,4,1707807800,41975316,206,54852000,196,1572191000
mistral:7b,2,1,2,4,1699660987,67903867,234,54497000,191,1533568000
mistral:7b,2,1,3,4,1704291352,78443445,228,58501000,190,1524271000
mistral:7b,2,1,4,4,809907860,76657021,211,54131000,80,635452000
mistral:7b,2,1,5,4,1187851000,73745976,470,47932000,127,1020009000
mistral:7b,2,1,6,4,1774550349,67674288,267,48019000,199,1596232000
mistral:7b,2,1,0,6,1684607831,77768810,194,47981000,189,1512809000
mistral:7b,2,1,1,6,1676708756,37740734,206,54163000,193,1546050000
mistral:7b,2,1,2,6,1757947950,62202672,234,54640000,200,1599825000
mistral:7b,2,1,3,6,1778060301,57763962,228,58629000,202,1618237000
mistral:7b,2,1,4,6,960017131,71610849,210,54477000,99,787678000
mistral:7b,2,1,5,6,1214278772,75934524,633,49217000,129,1037800000
mistral:7b,2,1,6,6,1572355718,78436504,267,60440000,170,1362451000
mistral:7b,2,1,0,8,1557899409,71041299,194,48514000,174,1394359000
mistral:7b,2,1,1,8,2024326560,77822082,206,53867000,231,1853760000
mistral:7b,2,1,2,8,1695630287,70431127,234,55091000,190,1526216000
mistral:7b,2,1,3,8,1962437187,79884476,228,58660000,222,1780128000
mistral:7b,2,1,4,8,547865132,79484401,238,59121000,46,361654000
mistral:7b,2,1,5,8,2023229074,78145373,569,49074000,229,1848413000
mistral:7b,2,1,6,8,2238630549,55720659,267,60409000,254,2049266999
mistral:7b,2,1,0,10,1776496362,64981021,195,48436000,200,1608457000
mistral:7b,2,1,1,10,2267209601,60559202,207,53586000,262,2111014999
mistral:7b,2,1,2,10,2308244572,80463206,235,54139000,265,2126188999
mistral:7b,2,1,3,10,2277536809,80820369,229,59491000,260,2086196000
mistral:7b,2,1,4,10,964016966,62122028,191,49579000,102,810017000
mistral:7b,2,1,5,10,1732641332,80893692,765,50183000,191,1546530000
mistral:7b,2,1,6,10,2223728483,73955072,268,61064000,249,2002545000
mistral:7b,2,1,0,12,924073001,80125283,195,48281000,94,746384000
mistral:7b,2,1,1,12,1830896223,76525245,207,53876000,208,1669118000
mistral:7b,2,1,2,12,1994907534,75975395,235,54669000,227,1821123000
mistral:7b,2,1,3,12,1454234513,55555173,229,58869000,161,1290491000
mistral:7b,2,1,4,12,519382656,70249109,228,58223000,44,345504000
