llama3.1:8b,0,0,0,0.44,0,0.94,1.474
llama3.1:8b,0,0,1,0.44,0,0.89,1.511
llama3.1:8b,0,0,2,0.44,0,1.10,1.245
llama3.1:8b,0,0,3,0.44,0,11.22,0.782
llama3.1:8b,0,0,4,0.44,0,10.38,2.538
llama3.1:8b,0,0,5,0.44,0,1.73,1.604
llama3.1:8b,0,0,6,0.44,0,1.53,1.050
llama3.1:8b,0,0,0,0.44,2,0.70,1.540
llama3.1:8b,0,0,1,0.44,2,1.40,1.248
llama3.1:8b,0,0,2,0.44,2,0.19,1.328
llama3.1:8b,0,0,3,0.44,2,10.82,0.790
llama3.1:8b,0,0,4,0.44,2,7.75,1.992
llama3.1:8b,0,0,5,0.44,2,1.64,1.299
llama3.1:8b,0,0,6,0.44,2,1.29,1.246
llama3.1:8b,0,0,0,0.44,4,1.96,1.831
llama3.1:8b,0,0,1,0.44,4,3.68,1.762
llama3.1:8b,0,0,2,0.44,4,1.65,1.454
llama3.1:8b,0,0,3,0.44,4,12.00,0.904
llama3.1:8b,0,0,4,0.44,4,9.78,1.486
llama3.1:8b,0,0,5,0.44,4,2.19,1.497
llama3.1:8b,0,0,6,0.44,4,2.17,1.604
llama3.1:8b,0,0,0,0.44,6,3.47,1.655
llama3.1:8b,0,0,1,0.44,6,3.87,1.988
llama3.1:8b,0,0,2,0.44,6,1.81,1.262
llama3.1:8b,0,0,3,0.44,6,10.82,0.795
llama3.1:8b,0,0,4,0.44,6,12.79,1.861
llama3.1:8b,0,0,5,0.44,6,2.15,1.528
llama3.1:8b,0,0,6,0.44,6,4.47,1.911
llama3.1:8b,0,0,0,0.44,8,3.73,1.714
llama3.1:8b,0,0,1,0.44,8,5.52,1.270
llama3.1:8b,0,0,2,0.44,8,2.71,1.707
llama3.1:8b,0,0,3,0.44,8,14.62,0.795
llama3.1:8b,0,0,4,0.44,8,13.22,1.741
llama3.1:8b,0,0,5,0.44,8,4.81,1.999
llama3.1:8b,0,0,6,0.44,8,4.05,1.837
llama3.1:8b,0,0,0,0.44,10,5.41,1.702
llama3.1:8b,0,0,1,0.44,10,2.82,1.580
llama3.1:8b,0,0,2,0.44,10,5.20,1.795
llama3.1:8b,0,0,3,0.44,10,17.24,0.780
llama3.1:8b,0,0,4,0.44,10,10.40,1.963
llama3.1:8b,0,0,5,0.44,10,6.88,1.883
llama3.1:8b,0,0,6,0.44,10,10.60,2.123
llama3.1:8b,0,0,0,0.44,12,9.71,1.847
llama3.1:8b,0,0,1,0.44,12,9.25,1.980
llama3.1:8b,0,0,2,0.44,12,13.06,2.523
llama3.1:8b,0,0,3,0.44,12,11.67,0.875
llama3.1:8b,0,0,4,0.44,12,13.42,2.548
llama3.1:8b,0,0,5,0.44,12,14.42,4.996
llama3.1:8b,0,0,6,0.44,12,10.01,2.287
llama3.1:8b,0,1,0,-0.18,0,0.55,1.782
llama3.1:8b,0,1,1,-0.18,0,1.46,2.058
llama3.1:8b,0,1,2,-0.18,0,0.50,1.777
llama3.1:8b,0,1,3,-0.18,0,13.28,0.797
llama3.1:8b,0,1,4,-0.18,0,8.35,3.489
llama3.1:8b,0,1,5,-0.18,0,0.27,1.836
llama3.1:8b,0,1,6,-0.18,0,0.89,2.095
llama3.1:8b,0,1,0,-0.18,2,1.20,1.946
llama3.1:8b,0,1,1,-0.18,2,1.56,1.972
llama3.1:8b,0,1,2,-0.18,2,0.85,1.655
llama3.1:8b,0,1,3,-0.18,2,8.46,0.721
llama3.1:8b,0,1,4,-0.18,2,2.86,0.630
llama3.1:8b,0,1,5,-0.18,2,1.82,2.539
llama3.1:8b,0,1,6,-0.18,2,1.32,1.900
llama3.1:8b,0,1,0,-0.18,4,2.85,2.145
llama3.1:8b,0,1,1,-0.18,4,2.85,2.189
llama3.1:8b,0,1,2,-0.18,4,1.12,2.010
llama3.1:8b,0,1,3,-0.18,4,14.09,0.854
llama3.1:8b,0,1,4,-0.18,4,7.53,1.515
llama3.1:8b,0,1,5,-0.18,4,1.08,1.625
llama3.1:8b,0,1,6,-0.18,4,1.83,2.337
llama3.1:8b,0,1,0,-0.18,6,3.38,2.337
llama3.1:8b,0,1,1,-0.18,6,2.96,1.865
llama3.1:8b,0,1,2,-0.18,6,2.78,2.222
llama3.1:8b,0,1,3,-0.18,6,9.11,0.811
llama3.1:8b,0,1,4,-0.18,6,7.98,1.378
llama3.1:8b,0,1,5,-0.18,6,2.72,2.535
llama3.1:8b,0,1,6,-0.18,6,2.39,2.411
llama3.1:8b,0,1,0,-0.18,8,5.16,2.320
llama3.1:8b,0,1,1,-0.18,8,4.87,2.259
llama3.1:8b,0,1,2,-0.18,8,2.71,1.833
llama3.1:8b,0,1,3,-0.18,8,10.00,0.811
llama3.1:8b,0,1,4,-0.18,8,7.50,1.875
llama3.1:8b,0,1,5,-0.18,8,5.47,2.073
llama3.1:8b,0,1,6,-0.18,8,5.82,2.616
llama3.1:8b,0,1,0,-0.18,10,6.11,1.755
llama3.1:8b,0,1,1,-0.18,10,4.41,2.693
llama3.1:8b,0,1,2,-0.18,10,4.48,2.315
llama3.1:8b,0,1,3,-0.18,10,12.56,0.699
llama3.1:8b,0,1,4,-0.18,10,9.08,3.493
llama3.1:8b,0,1,5,-0.18,10,5.54,2.913
llama3.1:8b,0,1,6,-0.18,10,5.04,2.621
llama3.1:8b,0,1,0,-0.18,12,8.94,2.326
llama3.1:8b,0,1,1,-0.18,12,8.35,2.607
llama3.1:8b,0,1,2,-0.18,12,6.48,2.572
llama3.1:8b,0,1,3,-0.18,12,17.70,0.767
llama3.1:8b,0,1,4,-0.18,12,12.07,3.056
llama3.1:8b,0,1,5,-0.18,12,9.65,3.143
llama3.1:8b,0,1,6,-0.18,12,7.38,3.539
llama3.1:8b,0,2,0,0.33,0,1.47,1.416
llama3.1:8b,0,2,1,0.33,0,1.40,1.461
llama3.1:8b,0,2,2,0.33,0,0.32,1.225
llama3.1:8b,0,2,3,0.33,0,13.15,0.900
llama3.1:8b,0,2,4,0.33,0,4.79,1.711
llama3.1:8b,0,2,5,0.33,0,1.38,1.393
llama3.1:8b,0,2,6,0.33,0,2.91,1.609
llama3.1:8b,0,2,0,0.33,2,1.98,1.811
llama3.1:8b,0,2,1,0.33,2,0.80,1.761
llama3.1:8b,0,2,2,0.33,2,1.22,1.549
llama3.1:8b,0,2,3,0.33,2,11.00,0.773
llama3.1:8b,0,2,4,0.33,2,9.94,2.222
llama3.1:8b,0,2,5,0.33,2,2.28,1.561
llama3.1:8b,0,2,6,0.33,2,3.35,2.194
llama3.1:8b,0,2,0,0.33,4,3.81,1.694
llama3.1:8b,0,2,1,0.33,4,2.55,1.517
llama3.1:8b,0,2,2,0.33,4,1.99,1.868
llama3.1:8b,0,2,3,0.33,4,11.21,0.729
llama3.1:8b,0,2,4,0.33,4,9.38,2.768
llama3.1:8b,0,2,5,0.33,4,3.76,1.819
llama3.1:8b,0,2,6,0.33,4,3.57,2.021
llama3.1:8b,0,2,0,0.33,6,5.02,1.779
llama3.1:8b,0,2,1,0.33,6,6.77,1.451
llama3.1:8b,0,2,2,0.33,6,5.54,1.837
llama3.1:8b,0,2,3,0.33,6,11.67,0.824
llama3.1:8b,0,2,4,0.33,6,10.19,1.561
llama3.1:8b,0,2,5,0.33,6,5.45,2.369
llama3.1:8b,0,2,6,0.33,6,7.87,2.060
llama3.1:8b,0,2,0,0.33,8,8.09,2.369
llama3.1:8b,0,2,1,0.33,8,7.31,2.164
llama3.1:8b,0,2,2,0.33,8,6.96,2.168
llama3.1:8b,0,2,3,0.33,8,11.46,0.881
llama3.1:8b,0,2,4,0.33,8,7.73,2.614
llama3.1:8b,0,2,5,0.33,8,6.09,2.490
llama3.1:8b,0,2,6,0.33,8,8.88,2.221
llama3.1:8b,0,2,0,0.33,10,7.33,2.117
llama3.1:8b,0,2,1,0.33,10,6.84,1.686
llama3.1:8b,0,2,2,0.33,10,5.82,2.573
llama3.1:8b,0,2,3,0.33,10,9.73,1.101
llama3.1:8b,0,2,4,0.33,10,13.48,2.872
llama3.1:8b,0,2,5,0.33,10,6.99,2.393
llama3.1:8b,0,2,6,0.33,10,11.13,2.820
llama3.1:8b,0,2,0,0.33,12,12.00,1.816
llama3.1:8b,0,2,1,0.33,12,13.48,2.438
llama3.1:8b,0,2,2,0.33,12,8.37,1.948
llama3.1:8b,0,2,3,0.33,12,11.76,0.975
llama3.1:8b,0,2,4,0.33,12,7.73,2.703
llama3.1:8b,0,2,5,0.33,12,12.56,8.121
llama3.1:8b,0,2,6,0.33,12,10.97,3.580
llama3.1:8b,2,0,0,1.99,0,1.39,1.707
llama3.1:8b,2,0,1,1.99,0,2.32,1.813
llama3.1:8b,2,0,2,1.99,0,1.98,1.633
llama3.1:8b,2,0,3,1.99,0,13.91,0.740
llama3.1:8b,2,0,4,1.99,0,6.97,2.281
llama3.1:8b,2,0,5,1.99,0,1.55,1.682
llama3.1:8b,2,0,6,1.99,0,3.85,1.747
llama3.1:8b,2,0,0,1.99,2,2.32,1.787
llama3.1:8b,2,0,1,1.99,2,1.47,1.631
llama3.1:8b,2,0,2,1.99,2,2.59,1.839
llama3.1:8b,2,0,3,1.99,2,11.36,0.754
llama3.1:8b,2,0,4,1.99,2,6.66,1.702
llama3.1:8b,2,0,5,1.99,2,1.69,1.566
llama3.1:8b,2,0,6,1.99,2,4.14,2.089
llama3.1:8b,2,0,0,1.99,4,3.65,1.775
llama3.1:8b,2,0,1,1.99,4,5.52,2.192
llama3.1:8b,2,0,2,1.99,4,2.51,1.603
llama3.1:8b,2,0,3,1.99,4,9.43,1.118
llama3.1:8b,2,0,4,1.99,4,6.20,1.184
llama3.1:8b,2,0,5,1.99,4,2.55,2.669
llama3.1:8b,2,0,6,1.99,4,3.03,2.041
llama3.1:8b,2,0,0,1.99,6,5.31,1.788
llama3.1:8b,2,0,1,1.99,6,3.11,1.591
llama3.1:8b,2,0,2,1.99,6,5.21,2.118
llama3.1:8b,2,0,3,1.99,6,11.26,0.839
llama3.1:8b,2,0,4,1.99,6,6.33,2.203
llama3.1:8b,2,0,5,1.99,6,6.04,2.124
llama3.1:8b,2,0,6,1.99,6,4.54,2.387
llama3.1:8b,2,0,0,1.99,8,5.84,1.872
llama3.1:8b,2,0,1,1.99,8,5.93,1.996
llama3.1:8b,2,0,2,1.99,8,4.24,2.104
llama3.1:8b,2,0,3,1.99,8,17.82,0.876
llama3.1:8b,2,0,4,1.99,8,11.21,1.830
llama3.1:8b,2,0,5,1.99,8,5.36,2.420
llama3.1:8b,2,0,6,1.99,8,3.67,2.280
llama3.1:8b,2,0,0,1.99,10,6.61,1.626
llama3.1:8b,2,0,1,1.99,10,8.27,2.830
llama3.1:8b,2,0,2,1.99,10,3.30,1.943
llama3.1:8b,2,0,3,1.99,10,11.13,0.866
llama3.1:8b,2,0,4,1.99,10,7.41,1.984
llama3.1:8b,2,0,5,1.99,10,7.30,2.478
llama3.1:8b,2,0,6,1.99,10,8.64,2.686
llama3.1:8b,2,0,0,1.99,12,8.16,2.322
llama3.1:8b,2,0,1,1.99,12,10.20,2.071
llama3.1:8b,2,0,2,1.99,12,6.63,1.972
llama3.1:8b,2,0,3,1.99,12,13.73,0.870
llama3.1:8b,2,0,4,1.99,12,9.12,2.771
llama3.1:8b,2,0,5,1.99,12,14.41,5.085
llama3.1:8b,2,0,6,1.99,12,9.23,2.807
llama3.1:8b,2,1,0,2.17,0,1.54,1.988
llama3.1:8b,2,1,1,2.17,0,1.45,1.573
llama3.1:8b,2,1,2,2.17,0,2.05,1.698
llama3.1:8b,2,1,3,2.17,0,14.77,0.824
llama3.1:8b,2,1,4,2.17,0,3.44,1.877
llama3.1:8b,2,1,5,2.17,0,2.39,1.760
llama3.1:8b,2,1,6,2.17,0,1.59,1.698
llama3.1:8b,2,1,0,2.17,2,1.75,2.005
llama3.1:8b,2,1,1,2.17,2,1.97,1.882
llama3.1:8b,2,1,2,2.17,2,1.99,1.755
llama3.1:8b,2,1,3,2.17,2,11.47,0.778
llama3.1:8b,2,1,4,2.17,2,1.47,1.688
llama3.1:8b,2,1,5,2.17,2,2.68,1.663
llama3.1:8b,2,1,6,2.17,2,1.83,1.707
llama3.1:8b,2,1,0,2.17,4,1.89,1.855
llama3.1:8b,2,1,1,2.17,4,2.37,1.951
llama3.1:8b,2,1,2,2.17,4,2.16,1.723
llama3.1:8b,2,1,3,2.17,4,14.37,0.716
llama3.1:8b,2,1,4,2.17,4,2.39,1.903
llama3.1:8b,2,1,5,2.17,4,2.15,2.008
llama3.1:8b,2,1,6,2.17,4,2.00,2.023
llama3.1:8b,2,1,0,2.17,6,3.43,1.854
llama3.1:8b,2,1,1,2.17,6,2.42,1.833
llama3.1:8b,2,1,2,2.17,6,3.37,1.916
llama3.1:8b,2,1,3,2.17,6,13.08,0.803
llama3.1:8b,2,1,4,2.17,6,4.48,2.419
llama3.1:8b,2,1,5,2.17,6,3.00,2.388
llama3.1:8b,2,1,6,2.17,6,3.31,2.106
llama3.1:8b,2,1,0,2.17,8,2.67,2.009
llama3.1:8b,2,1,1,2.17,8,2.81,2.322
llama3.1:8b,2,1,2,2.17,8,2.81,1.956
llama3.1:8b,2,1,3,2.17,8,12.43,1.060
llama3.1:8b,2,1,4,2.17,8,4.90,2.524
llama3.1:8b,2,1,5,2.17,8,7.83,2.215
llama3.1:8b,2,1,6,2.17,8,3.65,2.031
llama3.1:8b,2,1,0,2.17,10,3.37,1.987
llama3.1:8b,2,1,1,2.17,10,2.90,2.164
llama3.1:8b,2,1,2,2.17,10,3.65,1.964
llama3.1:8b,2,1,3,2.17,10,16.01,1.085
llama3.1:8b,2,1,4,2.17,10,5.91,2.938
llama3.1:8b,2,1,5,2.17,10,4.31,2.440
llama3.1:8b,2,1,6,2.17,10,3.87,2.386
llama3.1:8b,2,1,0,2.17,12,5.77,1.839
llama3.1:8b,2,1,1,2.17,12,5.70,2.592
llama3.1:8b,2,1,2,2.17,12,3.39,2.127
llama3.1:8b,2,1,3,2.17,12,13.16,0.946
llama3.1:8b,2,1,4,2.17,12,8.91,3.313
llama3.1:8b,2,1,5,2.17,12,7.72,2.620
llama3.1:8b,2,1,6,2.17,12,6.56,3.411
llama3.1:8b,2,2,0,1.96,0,2.82,1.221
llama3.1:8b,2,2,1,1.96,0,1.99,1.803
llama3.1:8b,2,2,2,1.96,0,2.17,1.232
llama3.1:8b,2,2,3,1.96,0,11.26,0.632
llama3.1:8b,2,2,4,1.96,0,3.22,0.800
llama3.1:8b,2,2,5,1.96,0,1.71,1.521
llama3.1:8b,2,2,6,1.96,0,1.97,1.693
llama3.1:8b,2,2,0,1.96,2,1.18,1.516
llama3.1:8b,2,2,1,1.96,2,3.95,1.267
llama3.1:8b,2,2,2,1.96,2,2.68,1.605
llama3.1:8b,2,2,3,1.96,2,13.06,0.688
llama3.1:8b,2,2,4,1.96,2,1.13,1.640
llama3.1:8b,2,2,5,1.96,2,1.89,1.844
llama3.1:8b,2,2,6,1.96,2,1.66,1.857
llama3.1:8b,2,2,0,1.96,4,3.12,2.071
llama3.1:8b,2,2,1,1.96,4,2.02,2.022
llama3.1:8b,2,2,2,1.96,4,3.57,2.095
llama3.1:8b,2,2,3,1.96,4,9.45,0.799
llama3.1:8b,2,2,4,1.96,4,11.20,1.992
llama3.1:8b,2,2,5,1.96,4,4.24,1.855
llama3.1:8b,2,2,6,1.96,4,4.30,2.317
llama3.1:8b,2,2,0,1.96,6,3.73,1.976
llama3.1:8b,2,2,1,1.96,6,3.22,2.034
llama3.1:8b,2,2,2,1.96,6,4.94,2.263
llama3.1:8b,2,2,3,1.96,6,10.15,0.724
llama3.1:8b,2,2,4,1.96,6,4.61,1.908
llama3.1:8b,2,2,5,1.96,6,5.44,1.605
llama3.1:8b,2,2,6,1.96,6,6.21,2.622
llama3.1:8b,2,2,0,1.96,8,4.71,1.710
llama3.1:8b,2,2,1,1.96,8,3.97,2.135
llama3.1:8b,2,2,2,1.96,8,6.28,2.441
llama3.1:8b,2,2,3,1.96,8,17.67,0.786
llama3.1:8b,2,2,4,1.96,8,5.27,1.657
llama3.1:8b,2,2,5,1.96,8,6.83,1.811
llama3.1:8b,2,2,6,1.96,8,5.06,2.666
llama3.1:8b,2,2,0,1.96,10,4.45,2.006
llama3.1:8b,2,2,1,1.96,10,7.33,2.263
llama3.1:8b,2,2,2,1.96,10,6.07,2.558
llama3.1:8b,2,2,3,1.96,10,15.89,0.784
llama3.1:8b,2,2,4,1.96,10,10.20,3.381
llama3.1:8b,2,2,5,1.96,10,3.57,2.072
llama3.1:8b,2,2,6,1.96,10,6.00,2.720
llama3.1:8b,2,2,0,1.96,12,6.61,2.127
llama3.1:8b,2,2,1,1.96,12,6.15,2.699
llama3.1:8b,2,2,2,1.96,12,8.12,2.767
llama3.1:8b,2,2,3,1.96,12,12.78,0.870
llama3.1:8b,2,2,4,1.96,12,11.03,6.588
llama3.1:8b,2,2,5,1.96,12,9.31,2.536
llama3.1:8b,2,2,6,1.96,12,6.90,2.900
llama3.1:8b,4,0,0,3.85,0,2.99,2.313
llama3.1:8b,4,0,1,3.85,0,3.24,2.296
llama3.1:8b,4,0,2,3.85,0,1.01,1.928
llama3.1:8b,4,0,3,3.85,0,7.63,0.702
llama3.1:8b,4,0,4,3.85,0,4.75,2.247
llama3.1:8b,4,0,5,3.85,0,1.98,2.014
llama3.1:8b,4,0,6,3.85,0,1.61,1.900
llama3.1:8b,4,0,0,3.85,2,1.71,1.747
llama3.1:8b,4,0,1,3.85,2,2.57,2.141
llama3.1:8b,4,0,2,3.85,2,2.68,1.587
llama3.1:8b,4,0,3,3.85,2,9.63,0.931
llama3.1:8b,4,0,4,3.85,2,7.61,1.011
llama3.1:8b,4,0,5,3.85,2,2.79,2.324
llama3.1:8b,4,0,6,3.85,2,2.14,2.060
llama3.1:8b,4,0,0,3.85,4,3.82,2.245
llama3.1:8b,4,0,1,3.85,4,3.73,2.211
llama3.1:8b,4,0,2,3.85,4,3.21,2.317
llama3.1:8b,4,0,3,3.85,4,10.81,0.834
llama3.1:8b,4,0,4,3.85,4,8.60,1.031
llama3.1:8b,4,0,5,3.85,4,3.34,2.509
llama3.1:8b,4,0,6,3.85,4,3.57,2.458
llama3.1:8b,4,0,0,3.85,6,4.63,2.704
llama3.1:8b,4,0,1,3.85,6,3.78,2.483
llama3.1:8b,4,0,2,3.85,6,5.25,2.728
llama3.1:8b,4,0,3,3.85,6,11.00,0.846
llama3.1:8b,4,0,4,3.85,6,5.95,1.654
llama3.1:8b,4,0,5,3.85,6,4.73,2.412
llama3.1:8b,4,0,6,3.85,6,4.50,2.646
llama3.1:8b,4,0,0,3.85,8,3.61,2.270
llama3.1:8b,4,0,1,3.85,8,3.92,2.413
llama3.1:8b,4,0,2,3.85,8,5.40,2.834
llama3.1:8b,4,0,3,3.85,8,11.22,0.864
llama3.1:8b,4,0,4,3.85,8,6.63,2.303
llama3.1:8b,4,0,5,3.85,8,5.39,3.102
llama3.1:8b,4,0,6,3.85,8,5.94,2.967
llama3.1:8b,4,0,0,3.85,10,4.80,2.629
llama3.1:8b,4,0,1,3.85,10,3.97,2.398
llama3.1:8b,4,0,2,3.85,10,3.02,2.320
llama3.1:8b,4,0,3,3.85,10,7.29,0.890
llama3.1:8b,4,0,4,3.85,10,10.15,0.784
llama3.1:8b,4,0,5,3.85,10,4.17,2.454
llama3.1:8b,4,0,6,3.85,10,7.05,3.036
llama3.1:8b,4,0,0,3.85,12,4.90,2.360
llama3.1:8b,4,0,1,3.85,12,6.96,2.800
llama3.1:8b,4,0,2,3.85,12,4.59,2.231
llama3.1:8b,4,0,3,3.85,12,16.35,0.859
llama3.1:8b,4,0,4,3.85,12,9.74,2.916
llama3.1:8b,4,0,5,3.85,12,7.53,3.505
llama3.1:8b,4,0,6,3.85,12,8.71,3.388
llama3.1:8b,4,1,0,3.69,0,1.93,2.353
llama3.1:8b,4,1,1,3.69,0,3.57,2.380
llama3.1:8b,4,1,2,3.69,0,0.88,2.068
llama3.1:8b,4,1,3,3.69,0,11.26,0.748
llama3.1:8b,4,1,4,3.69,0,6.19,2.025
llama3.1:8b,4,1,5,3.69,0,1.53,2.607
llama3.1:8b,4,1,6,3.69,0,1.29,2.112
llama3.1:8b,4,1,0,3.69,2,1.69,2.678
llama3.1:8b,4,1,1,3.69,2,3.27,2.202
llama3.1:8b,4,1,2,3.69,2,2.80,2.182
llama3.1:8b,4,1,3,3.69,2,15.64,0.846
llama3.1:8b,4,1,4,3.69,2,8.75,2.055
llama3.1:8b,4,1,5,3.69,2,1.91,2.640
llama3.1:8b,4,1,6,3.69,2,1.67,2.718
llama3.1:8b,4,1,0,3.69,4,3.86,2.453
llama3.1:8b,4,1,1,3.69,4,2.73,3.551
llama3.1:8b,4,1,2,3.69,4,3.26,2.906
llama3.1:8b,4,1,3,3.69,4,12.17,0.837
llama3.1:8b,4,1,4,3.69,4,7.83,2.294
llama3.1:8b,4,1,5,3.69,4,3.78,2.302
llama3.1:8b,4,1,6,3.69,4,2.41,3.438
llama3.1:8b,4,1,0,3.69,6,2.82,2.831
llama3.1:8b,4,1,1,3.69,6,4.84,2.513
llama3.1:8b,4,1,2,3.69,6,2.91,2.568
llama3.1:8b,4,1,3,3.69,6,11.23,0.916
llama3.1:8b,4,1,4,3.69,6,8.14,2.624
llama3.1:8b,4,1,5,3.69,6,3.88,2.637
llama3.1:8b,4,1,6,3.69,6,3.46,3.459
llama3.1:8b,4,1,0,3.69,8,5.74,2.847
llama3.1:8b,4,1,1,3.69,8,4.69,3.018
llama3.1:8b,4,1,2,3.69,8,4.74,2.738
llama3.1:8b,4,1,3,3.69,8,15.08,0.832
llama3.1:8b,4,1,4,3.69,8,10.62,1.298
llama3.1:8b,4,1,5,3.69,8,5.91,3.005
llama3.1:8b,4,1,6,3.69,8,5.11,4.155
llama3.1:8b,4,1,0,3.69,10,5.99,2.852
llama3.1:8b,4,1,1,3.69,10,6.02,3.280
llama3.1:8b,4,1,2,3.69,10,6.29,3.420
llama3.1:8b,4,1,3,3.69,10,13.93,1.048
llama3.1:8b,4,1,4,3.69,10,8.60,2.743
llama3.1:8b,4,1,5,3.69,10,5.95,3.214
llama3.1:8b,4,1,6,3.69,10,7.75,4.008
llama3.1:8b,4,1,0,3.69,12,8.23,3.141
llama3.1:8b,4,1,1,3.69,12,11.82,4.230
llama3.1:8b,4,1,2,3.69,12,7.10,3.374
llama3.1:8b,4,1,3,3.69,12,11.01,1.117
llama3.1:8b,4,1,4,3.69,12,12.10,2.863
llama3.1:8b,4,1,5,3.69,12,6.27,3.847
llama3.1:8b,4,1,6,3.69,12,11.20,4.387
llama3.1:8b,4,2,0,3.82,0,2.49,3.055
llama3.1:8b,4,2,1,3.82,0,3.31,3.079
llama3.1:8b,4,2,2,3.82,0,3.34,2.698
llama3.1:8b,4,2,3,3.82,0,11.26,0.764
llama3.1:8b,4,2,4,3.82,0,6.96,2.618
llama3.1:8b,4,2,5,3.82,0,2.01,2.482
llama3.1:8b,4,2,6,3.82,0,1.08,3.185
llama3.1:8b,4,2,0,3.82,2,2.50,3.106
llama3.1:8b,4,2,1,3.82,2,2.51,3.409
llama3.1:8b,4,2,2,3.82,2,2.41,3.061
llama3.1:8b,4,2,3,3.82,2,15.08,0.856
llama3.1:8b,4,2,4,3.82,2,3.38,3.701
llama3.1:8b,4,2,5,3.82,2,2.97,4.130
llama3.1:8b,4,2,6,3.82,2,1.58,2.964
llama3.1:8b,4,2,0,3.82,4,3.49,3.332
llama3.1:8b,4,2,1,3.82,4,4.70,3.444
llama3.1:8b,4,2,2,3.82,4,3.61,3.452
llama3.1:8b,4,2,3,3.82,4,15.36,0.994
llama3.1:8b,4,2,4,3.82,4,11.19,2.961
llama3.1:8b,4,2,5,3.82,4,3.49,3.371
llama3.1:8b,4,2,6,3.82,4,4.35,4.573
llama3.1:8b,4,2,0,3.82,6,4.73,4.062
llama3.1:8b,4,2,1,3.82,6,4.45,3.877
llama3.1:8b,4,2,2,3.82,6,3.58,3.955
llama3.1:8b,4,2,3,3.82,6,13.37,0.912
llama3.1:8b,4,2,4,3.82,6,8.67,2.767
llama3.1:8b,4,2,5,3.82,6,3.96,3.895
llama3.1:8b,4,2,6,3.82,6,5.63,4.771
llama3.1:8b,4,2,0,3.82,8,5.36,4.112
llama3.1:8b,4,2,1,3.82,8,5.85,4.461
llama3.1:8b,4,2,2,3.82,8,5.14,3.948
llama3.1:8b,4,2,3,3.82,8,8.39,0.899
llama3.1:8b,4,2,4,3.82,8,7.66,2.393
llama3.1:8b,4,2,5,3.82,8,5.31,4.220
llama3.1:8b,4,2,6,3.82,8,4.89,4.311
llama3.1:8b,4,2,0,3.82,10,5.75,3.423
llama3.1:8b,4,2,1,3.82,10,5.88,4.380
llama3.1:8b,4,2,2,3.82,10,4.45,3.717
llama3.1:8b,4,2,3,3.82,10,11.77,0.898
llama3.1:8b,4,2,4,3.82,10,11.88,2.588
llama3.1:8b,4,2,5,3.82,10,5.99,3.517
llama3.1:8b,4,2,6,3.82,10,9.32,5.131
llama3.1:8b,4,2,0,3.82,12,9.13,4.342
llama3.1:8b,4,2,1,3.82,12,12.79,3.515
llama3.1:8b,4,2,2,3.82,12,8.97,4.167
llama3.1:8b,4,2,3,3.82,12,17.76,0.907
llama3.1:8b,4,2,4,3.82,12,10.40,3.202
llama3.1:8b,4,2,5,3.82,12,9.38,4.557
llama3.1:8b,4,2,6,3.82,12,7.95,4.040
llama3.1:8b,6,0,0,6.18,0,4.48,3.472
llama3.1:8b,6,0,1,6.18,0,3.27,2.985
llama3.1:8b,6,0,2,6.18,0,4.00,2.593
llama3.1:8b,6,0,3,6.18,0,15.74,0.980
llama3.1:8b,6,0,4,6.18,0,9.99,3.285
llama3.1:8b,6,0,5,6.18,0,3.38,2.935
llama3.1:8b,6,0,6,6.18,0,3.23,2.587
llama3.1:8b,6,0,0,6.18,2,5.31,3.224
llama3.1:8b,6,0,1,6.18,2,3.87,3.271
llama3.1:8b,6,0,2,6.18,2,2.74,3.083
llama3.1:8b,6,0,3,6.18,2,12.31,0.827
llama3.1:8b,6,0,4,6.18,2,13.78,2.296
llama3.1:8b,6,0,5,6.18,2,3.48,2.954
llama3.1:8b,6,0,6,6.18,2,3.55,3.371
llama3.1:8b,6,0,0,6.18,4,5.62,3.565
llama3.1:8b,6,0,1,6.18,4,4.82,3.767
llama3.1:8b,6,0,2,6.18,4,5.06,3.280
llama3.1:8b,6,0,3,6.18,4,10.72,0.799
llama3.1:8b,6,0,4,6.18,4,4.28,3.340
llama3.1:8b,6,0,5,6.18,4,4.84,3.393
llama3.1:8b,6,0,6,6.18,4,4.35,3.477
llama3.1:8b,6,0,0,6.18,6,7.40,3.188
llama3.1:8b,6,0,1,6.18,6,6.04,3.582
llama3.1:8b,6,0,2,6.18,6,5.08,3.691
llama3.1:8b,6,0,3,6.18,6,9.89,1.071
llama3.1:8b,6,0,4,6.18,6,10.66,2.692
llama3.1:8b,6,0,5,6.18,6,4.17,3.193
llama3.1:8b,6,0,6,6.18,6,5.43,3.655
llama3.1:8b,6,0,0,6.18,8,6.19,2.940
llama3.1:8b,6,0,1,6.18,8,6.99,3.530
llama3.1:8b,6,0,2,6.18,8,6.97,3.637
llama3.1:8b,6,0,3,6.18,8,13.56,0.820
llama3.1:8b,6,0,4,6.18,8,11.85,2.549
llama3.1:8b,6,0,5,6.18,8,7.52,3.793
llama3.1:8b,6,0,6,6.18,8,9.48,3.757
llama3.1:8b,6,0,0,6.18,10,7.18,3.121
llama3.1:8b,6,0,1,6.18,10,5.67,3.330
llama3.1:8b,6,0,2,6.18,10,6.46,3.143
llama3.1:8b,6,0,3,6.18,10,26.33,1.159
llama3.1:8b,6,0,4,6.18,10,10.55,3.775
llama3.1:8b,6,0,5,6.18,10,8.01,3.315
llama3.1:8b,6,0,6,6.18,10,8.89,4.277
llama3.1:8b,6,0,0,6.18,12,12.36,3.263
llama3.1:8b,6,0,1,6.18,12,14.01,3.776
llama3.1:8b,6,0,2,6.18,12,10.37,3.665
llama3.1:8b,6,0,3,6.18,12,17.76,0.873
llama3.1:8b,6,0,4,6.18,12,16.77,3.138
llama3.1:8b,6,0,5,6.18,12,8.84,4.162
llama3.1:8b,6,0,6,6.18,12,12.23,3.671
llama3.1:8b,6,1,0,5.79,0,2.56,2.247
llama3.1:8b,6,1,1,5.79,0,1.58,2.064
llama3.1:8b,6,1,2,5.79,0,1.40,2.676
llama3.1:8b,6,1,3,5.79,0,9.42,0.851
llama3.1:8b,6,1,4,5.79,0,1.91,2.501
llama3.1:8b,6,1,5,5.79,0,1.27,2.385
llama3.1:8b,6,1,6,5.79,0,1.29,2.028
llama3.1:8b,6,1,0,5.79,2,3.03,2.533
llama3.1:8b,6,1,1,5.79,2,3.21,2.721
llama3.1:8b,6,1,2,5.79,2,2.86,2.845
llama3.1:8b,6,1,3,5.79,2,9.44,0.988
llama3.1:8b,6,1,4,5.79,2,6.58,0.887
llama3.1:8b,6,1,5,5.79,2,2.77,2.721
llama3.1:8b,6,1,6,5.79,2,2.46,2.693
llama3.1:8b,6,1,0,5.79,4,4.69,2.797
llama3.1:8b,6,1,1,5.79,4,3.55,2.909
llama3.1:8b,6,1,2,5.79,4,4.57,3.048
llama3.1:8b,6,1,3,5.79,4,15.98,0.887
llama3.1:8b,6,1,4,5.79,4,7.15,1.874
llama3.1:8b,6,1,5,5.79,4,2.95,2.564
llama3.1:8b,6,1,6,5.79,4,3.64,2.879
llama3.1:8b,6,1,0,5.79,6,4.77,3.073
llama3.1:8b,6,1,1,5.79,6,3.93,2.741
llama3.1:8b,6,1,2,5.79,6,3.81,2.326
llama3.1:8b,6,1,3,5.79,6,11.50,0.881
llama3.1:8b,6,1,4,5.79,6,7.92,2.207
llama3.1:8b,6,1,5,5.79,6,3.89,3.021
llama3.1:8b,6,1,6,5.79,6,4.51,2.934
llama3.1:8b,6,1,0,5.79,8,4.96,3.005
llama3.1:8b,6,1,1,5.79,8,4.91,3.155
llama3.1:8b,6,1,2,5.79,8,5.35,3.071
llama3.1:8b,6,1,3,5.79,8,10.51,0.918
llama3.1:8b,6,1,4,5.79,8,7.76,3.229
llama3.1:8b,6,1,5,5.79,8,5.45,3.006
llama3.1:8b,6,1,6,5.79,8,5.18,2.747
llama3.1:8b,6,1,0,5.79,10,5.64,3.144
llama3.1:8b,6,1,1,5.79,10,5.40,2.835
llama3.1:8b,6,1,2,5.79,10,4.81,2.465
llama3.1:8b,6,1,3,5.79,10,10.22,1.175
llama3.1:8b,6,1,4,5.79,10,12.60,4.485
llama3.1:8b,6,1,5,5.79,10,4.87,2.475
llama3.1:8b,6,1,6,5.79,10,7.50,3.358
llama3.1:8b,6,1,0,5.79,12,9.11,3.396
llama3.1:8b,6,1,1,5.79,12,6.16,2.752
llama3.1:8b,6,1,2,5.79,12,6.01,3.045
llama3.1:8b,6,1,3,5.79,12,12.99,0.958
llama3.1:8b,6,1,4,5.79,12,11.13,2.993
llama3.1:8b,6,1,5,5.79,12,14.32,4.943
llama3.1:8b,6,1,6,5.79,12,5.65,3.213
llama3.1:8b,6,2,0,5.61,0,3.80,2.166
llama3.1:8b,6,2,1,5.61,0,3.25,2.072
llama3.1:8b,6,2,2,5.61,0,4.60,3.567
llama3.1:8b,6,2,3,5.61,0,15.52,0.859
llama3.1:8b,6,2,4,5.61,0,9.26,2.636
llama3.1:8b,6,2,5,5.61,0,3.95,3.127
llama3.1:8b,6,2,6,5.61,0,4.28,2.968
llama3.1:8b,6,2,0,5.61,2,5.03,2.755
llama3.1:8b,6,2,1,5.61,2,4.56,2.677
llama3.1:8b,6,2,2,5.61,2,4.01,2.573
llama3.1:8b,6,2,3,5.61,2,13.90,0.872
llama3.1:8b,6,2,4,5.61,2,9.93,2.203
llama3.1:8b,6,2,5,5.61,2,4.86,3.697
llama3.1:8b,6,2,6,5.61,2,4.47,3.227
llama3.1:8b,6,2,0,5.61,4,5.92,4.359
llama3.1:8b,6,2,1,5.61,4,4.94,3.416
llama3.1:8b,6,2,2,5.61,4,6.49,3.760
llama3.1:8b,6,2,3,5.61,4,11.94,0.904
llama3.1:8b,6,2,4,5.61,4,8.69,2.463
llama3.1:8b,6,2,5,5.61,4,5.23,2.882
llama3.1:8b,6,2,6,5.61,4,4.40,3.869
llama3.1:8b,6,2,0,5.61,6,6.73,3.391
llama3.1:8b,6,2,1,5.61,6,5.83,4.193
llama3.1:8b,6,2,2,5.61,6,4.73,2.833
llama3.1:8b,6,2,3,5.61,6,12.63,0.867
llama3.1:8b,6,2,4,5.61,6,12.19,1.802
llama3.1:8b,6,2,5,5.61,6,7.57,2.629
llama3.1:8b,6,2,6,5.61,6,4.30,3.593
llama3.1:8b,6,2,0,5.61,8,7.01,3.289
llama3.1:8b,6,2,1,5.61,8,5.89,3.388
llama3.1:8b,6,2,2,5.61,8,5.49,3.738
llama3.1:8b,6,2,3,5.61,8,9.90,0.904
llama3.1:8b,6,2,4,5.61,8,12.83,2.334
llama3.1:8b,6,2,5,5.61,8,6.64,3.726
llama3.1:8b,6,2,6,5.61,8,5.82,3.921
llama3.1:8b,6,2,0,5.61,10,7.38,4.076
llama3.1:8b,6,2,1,5.61,10,7.50,4.002
llama3.1:8b,6,2,2,5.61,10,5.16,3.930
llama3.1:8b,6,2,3,5.61,10,10.44,0.868
llama3.1:8b,6,2,4,5.61,10,13.43,2.805
llama3.1:8b,6,2,5,5.61,10,6.44,3.045
llama3.1:8b,6,2,6,5.61,10,7.53,3.871
llama3.1:8b,6,2,0,5.61,12,12.80,3.984
llama3.1:8b,6,2,1,5.61,12,13.38,3.051
llama3.1:8b,6,2,2,5.61,12,6.60,3.945
llama3.1:8b,6,2,3,5.61,12,13.37,0.950
llama3.1:8b,6,2,4,5.61,12,17.24,3.167
llama3.1:8b,6,2,5,5.61,12,11.68,4.145
llama3.1:8b,6,2,6,5.61,12,14.16,4.582
llama3.1:8b,8,0,0,7.91,0,2.28,1.482
llama3.1:8b,8,0,1,7.91,0,4.98,2.632
llama3.1:8b,8,0,2,7.91,0,2.81,1.535
llama3.1:8b,8,0,3,7.91,0,13.90,0.844
llama3.1:8b,8,0,4,7.91,0,6.14,2.513
llama3.1:8b,8,0,5,7.91,0,2.36,2.207
llama3.1:8b,8,0,6,7.91,0,2.77,2.419
llama3.1:8b,8,0,0,7.91,2,4.06,2.443
llama3.1:8b,8,0,1,7.91,2,5.37,2.514
llama3.1:8b,8,0,2,7.91,2,4.64,2.460
llama3.1:8b,8,0,3,7.91,2,12.94,0.807
llama3.1:8b,8,0,4,7.91,2,8.57,2.512
llama3.1:8b,8,0,5,7.91,2,4.86,2.968
llama3.1:8b,8,0,6,7.91,2,4.51,3.003
llama3.1:8b,8,0,0,7.91,4,7.61,3.142
llama3.1:8b,8,0,1,7.91,4,6.09,2.804
llama3.1:8b,8,0,2,7.91,4,5.65,2.471
llama3.1:8b,8,0,3,7.91,4,8.35,1.043
llama3.1:8b,8,0,4,7.91,4,9.46,2.174
llama3.1:8b,8,0,5,7.91,4,6.02,2.919
llama3.1:8b,8,0,6,7.91,4,6.80,3.162
llama3.1:8b,8,0,0,7.91,6,6.79,2.777
llama3.1:8b,8,0,1,7.91,6,6.84,3.274
llama3.1:8b,8,0,2,7.91,6,7.28,2.674
llama3.1:8b,8,0,3,7.91,6,18.14,0.924
llama3.1:8b,8,0,4,7.91,6,10.18,2.612
llama3.1:8b,8,0,5,7.91,6,6.62,3.112
llama3.1:8b,8,0,6,7.91,6,7.62,3.525
llama3.1:8b,8,0,0,7.91,8,7.33,3.171
llama3.1:8b,8,0,1,7.91,8,8.99,3.190
llama3.1:8b,8,0,2,7.91,8,8.14,3.091
llama3.1:8b,8,0,3,7.91,8,15.40,0.897
llama3.1:8b,8,0,4,7.91,8,11.76,2.022
llama3.1:8b,8,0,5,7.91,8,8.51,3.562
llama3.1:8b,8,0,6,7.91,8,8.55,3.616
llama3.1:8b,8,0,0,7.91,10,7.89,3.239
llama3.1:8b,8,0,1,7.91,10,11.72,3.187
llama3.1:8b,8,0,2,7.91,10,7.91,3.479
llama3.1:8b,8,0,3,7.91,10,16.43,0.916
llama3.1:8b,8,0,4,7.91,10,10.14,2.240
llama3.1:8b,8,0,5,7.91,10,8.89,3.239
llama3.1:8b,8,0,6,7.91,10,9.26,2.963
llama3.1:8b,8,0,0,7.91,12,10.06,2.800
llama3.1:8b,8,0,1,7.91,12,13.05,2.918
llama3.1:8b,8,0,2,7.91,12,11.18,2.615
llama3.1:8b,8,0,3,7.91,12,17.58,0.830
llama3.1:8b,8,0,4,7.91,12,11.64,2.280
llama3.1:8b,8,0,5,7.91,12,12.82,4.847
llama3.1:8b,8,0,6,7.91,12,10.49,4.102
llama3.1:8b,8,1,0,7.74,0,5.28,2.494
llama3.1:8b,8,1,1,7.74,0,4.35,2.249
llama3.1:8b,8,1,2,7.74,0,5.24,2.350
llama3.1:8b,8,1,3,7.74,0,12.94,0.793
llama3.1:8b,8,1,4,7.74,0,12.01,1.711
llama3.1:8b,8,1,5,7.74,0,3.72,2.299
llama3.1:8b,8,1,6,7.74,0,5.43,2.254
llama3.1:8b,8,1,0,7.74,2,4.02,2.107
llama3.1:8b,8,1,1,7.74,2,5.46,2.822
llama3.1:8b,8,1,2,7.74,2,5.28,2.124
llama3.1:8b,8,1,3,7.74,2,14.63,0.769
llama3.1:8b,8,1,4,7.74,2,6.60,3.610
llama3.1:8b,8,1,5,7.74,2,5.46,2.065
llama3.1:8b,8,1,6,7.74,2,4.35,2.408
llama3.1:8b,8,1,0,7.74,4,5.87,2.572
llama3.1:8b,8,1,1,7.74,4,8.10,3.263
llama3.1:8b,8,1,2,7.74,4,5.67,2.439
llama3.1:8b,8,1,3,7.74,4,12.41,0.825
llama3.1:8b,8,1,4,7.74,4,7.34,2.496
llama3.1:8b,8,1,5,7.74,4,6.47,2.534
llama3.1:8b,8,1,6,7.74,4,6.57,2.962
llama3.1:8b,8,1,0,7.74,6,7.86,2.664
llama3.1:8b,8,1,1,7.74,6,6.93,2.978
llama3.1:8b,8,1,2,7.74,6,7.24,3.118
llama3.1:8b,8,1,3,7.74,6,13.14,0.972
llama3.1:8b,8,1,4,7.74,6,5.50,3.383
llama3.1:8b,8,1,5,7.74,6,7.54,3.189
llama3.1:8b,8,1,6,7.74,6,7.51,3.225
llama3.1:8b,8,1,0,7.74,8,9.86,3.105
llama3.1:8b,8,1,1,7.74,8,9.43,3.138
llama3.1:8b,8,1,2,7.74,8,9.51,3.738
llama3.1:8b,8,1,3,7.74,8,18.85,1.210
llama3.1:8b,8,1,4,7.74,8,23.64,2.356
llama3.1:8b,8,1,5,7.74,8,8.06,3.332
llama3.1:8b,8,1,6,7.74,8,6.98,3.182
llama3.1:8b,8,1,0,7.74,10,9.53,2.695
llama3.1:8b,8,1,1,7.74,10,9.32,3.681
llama3.1:8b,8,1,2,7.74,10,9.92,3.709
llama3.1:8b,8,1,3,7.74,10,13.39,1.040
llama3.1:8b,8,1,4,7.74,10,9.42,4.595
llama3.1:8b,8,1,5,7.74,10,8.47,3.202
llama3.1:8b,8,1,6,7.74,10,10.76,4.012
llama3.1:8b,8,1,0,7.74,12,13.77,3.454
llama3.1:8b,8,1,1,7.74,12,12.81,3.377
llama3.1:8b,8,1,2,7.74,12,12.13,3.720
llama3.1:8b,8,1,3,7.74,12,19.51,0.934
llama3.1:8b,8,1,4,7.74,12,13.16,3.227
llama3.1:8b,8,1,5,7.74,12,13.71,5.581
llama3.1:8b,8,1,6,7.74,12,13.66,4.270
llama3.1:8b,8,2,0,8.22,0,4.07,2.113
llama3.1:8b,8,2,1,8.22,0,4.40,2.146
llama3.1:8b,8,2,2,8.22,0,5.45,2.318
llama3.1:8b,8,2,3,8.22,0,11.26,0.740
llama3.1:8b,8,2,4,8.22,0,8.03,2.727
llama3.1:8b,8,2,5,8.22,0,4.60,2.734
llama3.1:8b,8,2,6,8.22,0,4.70,2.650
llama3.1:8b,8,2,0,8.22,2,6.73,2.543
llama3.1:8b,8,2,1,8.22,2,5.41,2.427
llama3.1:8b,8,2,2,8.22,2,5.55,2.986
llama3.1:8b,8,2,3,8.22,2,18.28,0.925
llama3.1:8b,8,2,4,8.22,2,11.55,2.735
llama3.1:8b,8,2,5,8.22,2,4.60,2.740
llama3.1:8b,8,2,6,8.22,2,7.23,2.662
llama3.1:8b,8,2,0,8.22,4,6.42,3.006
llama3.1:8b,8,2,1,8.22,4,6.44,2.982
llama3.1:8b,8,2,2,8.22,4,8.88,3.110
llama3.1:8b,8,2,3,8.22,4,18.29,0.934
llama3.1:8b,8,2,4,8.22,4,11.95,2.557
llama3.1:8b,8,2,5,8.22,4,4.72,2.428
llama3.1:8b,8,2,6,8.22,4,6.73,2.528
llama3.1:8b,8,2,0,8.22,6,7.15,2.977
llama3.1:8b,8,2,1,8.22,6,7.15,2.958
llama3.1:8b,8,2,2,8.22,6,6.63,3.284
llama3.1:8b,8,2,3,8.22,6,5.82,0.762
llama3.1:8b,8,2,4,8.22,6,11.60,2.879
llama3.1:8b,8,2,5,8.22,6,7.29,2.617
llama3.1:8b,8,2,6,8.22,6,8.12,3.294
llama3.1:8b,8,2,0,8.22,8,8.08,3.216
llama3.1:8b,8,2,1,8.22,8,8.71,2.569
llama3.1:8b,8,2,2,8.22,8,7.83,3.153
llama3.1:8b,8,2,3,8.22,8,11.01,0.901
llama3.1:8b,8,2,4,8.22,8,8.18,2.682
llama3.1:8b,8,2,5,8.22,8,8.01,3.410
llama3.1:8b,8,2,6,8.22,8,8.53,3.506
llama3.1:8b,8,2,0,8.22,10,9.20,2.744
llama3.1:8b,8,2,1,8.22,10,8.42,3.369
llama3.1:8b,8,2,2,8.22,10,7.59,3.156
llama3.1:8b,8,2,3,8.22,10,16.99,0.783
llama3.1:8b,8,2,4,8.22,10,11.43,2.874
llama3.1:8b,8,2,5,8.22,10,9.77,2.958
llama3.1:8b,8,2,6,8.22,10,8.28,2.759
llama3.1:8b,8,2,0,8.22,12,11.86,2.633
llama3.1:8b,8,2,1,8.22,12,11.70,2.532
llama3.1:8b,8,2,2,8.22,12,9.94,2.558
llama3.1:8b,8,2,3,8.22,12,16.56,0.901
llama3.1:8b,8,2,4,8.22,12,15.95,7.488
llama3.1:8b,8,2,5,8.22,12,11.41,3.780
llama3.1:8b,8,2,6,8.22,12,9.04,4.297
llama3.1:8b,10,0,0,10.07,0,6.46,2.359
llama3.1:8b,10,0,1,10.07,0,3.96,1.935
llama3.1:8b,10,0,2,10.07,0,4.92,2.376
llama3.1:8b,10,0,3,10.07,0,8.47,0.827
llama3.1:8b,10,0,4,10.07,0,10.88,2.325
llama3.1:8b,10,0,5,10.07,0,2.07,2.276
llama3.1:8b,10,0,6,10.07,0,3.05,2.324
llama3.1:8b,10,0,0,10.07,2,5.01,2.113
llama3.1:8b,10,0,1,10.07,2,5.02,2.636
llama3.1:8b,10,0,2,10.07,2,5.42,2.215
llama3.1:8b,10,0,3,10.07,2,13.98,0.853
llama3.1:8b,10,0,4,10.07,2,8.07,2.357
llama3.1:8b,10,0,5,10.07,2,3.52,2.347
llama3.1:8b,10,0,6,10.07,2,4.73,2.847
llama3.1:8b,10,0,0,10.07,4,7.51,2.670
llama3.1:8b,10,0,1,10.07,4,6.31,2.485
llama3.1:8b,10,0,2,10.07,4,6.39,2.516
llama3.1:8b,10,0,3,10.07,4,9.13,0.838
llama3.1:8b,10,0,4,10.07,4,5.37,3.399
llama3.1:8b,10,0,5,10.07,4,6.45,2.085
llama3.1:8b,10,0,6,10.07,4,7.00,2.953
llama3.1:8b,10,0,0,10.07,6,8.41,3.381
llama3.1:8b,10,0,1,10.07,6,9.19,3.480
llama3.1:8b,10,0,2,10.07,6,5.11,3.405
llama3.1:8b,10,0,3,10.07,6,14.80,0.852
llama3.1:8b,10,0,4,10.07,6,10.22,1.897
llama3.1:8b,10,0,5,10.07,6,7.70,2.529
llama3.1:8b,10,0,6,10.07,6,6.72,2.257
llama3.1:8b,10,0,0,10.07,8,10.85,3.718
llama3.1:8b,10,0,1,10.07,8,8.44,2.641
llama3.1:8b,10,0,2,10.07,8,8.61,2.583
llama3.1:8b,10,0,3,10.07,8,15.22,0.827
llama3.1:8b,10,0,4,10.07,8,9.22,3.282
llama3.1:8b,10,0,5,10.07,8,8.08,2.921
llama3.1:8b,10,0,6,10.07,8,8.24,3.232
llama3.1:8b,10,0,0,10.07,10,10.01,3.648
llama3.1:8b,10,0,1,10.07,10,11.81,3.833
llama3.1:8b,10,0,2,10.07,10,7.81,3.189
llama3.1:8b,10,0,3,10.07,10,15.40,0.939
llama3.1:8b,10,0,4,10.07,10,6.58,2.150
llama3.1:8b,10,0,5,10.07,10,10.20,2.863
llama3.1:8b,10,0,6,10.07,10,9.74,3.369
llama3.1:8b,10,0,0,10.07,12,10.68,3.933
llama3.1:8b,10,0,1,10.07,12,13.00,4.612
llama3.1:8b,10,0,2,10.07,12,11.30,3.964
llama3.1:8b,10,0,3,10.07,12,12.41,1.021
llama3.1:8b,10,0,4,10.07,12,12.23,4.787
llama3.1:8b,10,0,5,10.07,12,8.46,3.446
llama3.1:8b,10,0,6,10.07,12,12.39,4.870
llama3.1:8b,10,1,0,10.10,0,5.10,2.792
llama3.1:8b,10,1,1,10.10,0,5.20,2.943
llama3.1:8b,10,1,2,10.10,0,5.52,2.070
llama3.1:8b,10,1,3,10.10,0,11.52,1.164
llama3.1:8b,10,1,4,10.10,0,11.26,2.151
llama3.1:8b,10,1,5,10.10,0,5.41,2.577
llama3.1:8b,10,1,6,10.10,0,5.45,3.169
llama3.1:8b,10,1,0,10.10,2,5.04,3.006
llama3.1:8b,10,1,1,10.10,2,5.11,2.780
llama3.1:8b,10,1,2,10.10,2,6.75,2.960
llama3.1:8b,10,1,3,10.10,2,14.65,1.127
llama3.1:8b,10,1,4,10.10,2,4.48,2.431
llama3.1:8b,10,1,5,10.10,2,5.57,2.600
llama3.1:8b,10,1,6,10.10,2,6.48,3.588
llama3.1:8b,10,1,0,10.10,4,6.03,4.277
llama3.1:8b,10,1,1,10.10,4,6.99,2.727
llama3.1:8b,10,1,2,10.10,4,6.10,2.924
llama3.1:8b,10,1,3,10.10,4,9.68,1.075
llama3.1:8b,10,1,4,10.10,4,6.32,3.640
llama3.1:8b,10,1,5,10.10,4,5.93,3.835
llama3.1:8b,10,1,6,10.10,4,6.65,4.079
llama3.1:8b,10,1,0,10.10,6,8.56,5.793
llama3.1:8b,10,1,1,10.10,6,7.51,3.133
llama3.1:8b,10,1,2,10.10,6,7.03,5.878
llama3.1:8b,10,1,3,10.10,6,8.76,1.129
llama3.1:8b,10,1,4,10.10,6,8.54,5.440
llama3.1:8b,10,1,5,10.10,6,7.69,3.861
llama3.1:8b,10,1,6,10.10,6,8.41,5.013
llama3.1:8b,10,1,0,10.10,8,8.36,3.784
llama3.1:8b,10,1,1,10.10,8,8.30,5.863
llama3.1:8b,10,1,2,10.10,8,8.51,5.176
llama3.1:8b,10,1,3,10.10,8,13.45,1.027
llama3.1:8b,10,1,4,10.10,8,12.49,3.087
llama3.1:8b,10,1,5,10.10,8,7.82,3.965
llama3.1:8b,10,1,6,10.10,8,10.07,6.347
llama3.1:8b,10,1,0,10.10,10,9.81,5.722
llama3.1:8b,10,1,1,10.10,10,9.55,3.505
llama3.1:8b,10,1,2,10.10,10,10.08,5.053
llama3.1:8b,10,1,3,10.10,10,17.89,1.025
llama3.1:8b,10,1,4,10.10,10,11.77,4.992
llama3.1:8b,10,1,5,10.10,10,9.26,4.039
llama3.1:8b,10,1,6,10.10,10,9.27,5.677
llama3.1:8b,10,1,0,10.10,12,10.67,5.476
llama3.1:8b,10,1,1,10.10,12,9.58,3.420
llama3.1:8b,10,1,2,10.10,12,9.68,4.967
llama3.1:8b,10,1,3,10.10,12,11.44,1.328
llama3.1:8b,10,1,4,10.10,12,10.64,1.782
llama3.1:8b,10,1,5,10.10,12,10.82,5.271
llama3.1:8b,10,1,6,10.10,12,10.53,5.069
llama3.1:8b,10,2,0,10.20,0,3.33,1.810
llama3.1:8b,10,2,1,10.20,0,2.84,1.800
llama3.1:8b,10,2,2,10.20,0,3.50,1.829
llama3.1:8b,10,2,3,10.20,0,16.39,0.805
llama3.1:8b,10,2,4,10.20,0,3.42,1.473
llama3.1:8b,10,2,5,10.20,0,3.43,2.166
llama3.1:8b,10,2,6,10.20,0,3.85,1.864
llama3.1:8b,10,2,0,10.20,2,5.78,2.341
llama3.1:8b,10,2,1,10.20,2,4.24,1.997
llama3.1:8b,10,2,2,10.20,2,4.10,1.983
llama3.1:8b,10,2,3,10.20,2,12.41,0.842
llama3.1:8b,10,2,4,10.20,2,10.14,3.457
llama3.1:8b,10,2,5,10.20,2,4.25,1.909
llama3.1:8b,10,2,6,10.20,2,3.85,1.823
llama3.1:8b,10,2,0,10.20,4,7.41,2.827
llama3.1:8b,10,2,1,10.20,4,6.11,2.291
llama3.1:8b,10,2,2,10.20,4,4.81,2.233
llama3.1:8b,10,2,3,10.20,4,9.86,0.943
llama3.1:8b,10,2,4,10.20,4,11.26,2.340
llama3.1:8b,10,2,5,10.20,4,5.88,2.264
llama3.1:8b,10,2,6,10.20,4,6.49,2.652
llama3.1:8b,10,2,0,10.20,6,6.85,2.651
llama3.1:8b,10,2,1,10.20,6,6.56,2.825
llama3.1:8b,10,2,2,10.20,6,6.18,2.453
llama3.1:8b,10,2,3,10.20,6,10.63,0.915
llama3.1:8b,10,2,4,10.20,6,10.89,3.281
llama3.1:8b,10,2,5,10.20,6,5.21,1.989
llama3.1:8b,10,2,6,10.20,6,7.51,2.777
llama3.1:8b,10,2,0,10.20,8,9.35,2.605
llama3.1:8b,10,2,1,10.20,8,6.93,2.376
llama3.1:8b,10,2,2,10.20,8,9.61,2.821
llama3.1:8b,10,2,3,10.20,8,17.29,0.829
llama3.1:8b,10,2,4,10.20,8,9.45,2.159
llama3.1:8b,10,2,5,10.20,8,9.84,2.893
llama3.1:8b,10,2,6,10.20,8,7.77,3.423
llama3.1:8b,10,2,0,10.20,10,10.93,2.899
llama3.1:8b,10,2,1,10.20,10,11.43,2.959
llama3.1:8b,10,2,2,10.20,10,7.31,2.740
llama3.1:8b,10,2,3,10.20,10,12.31,0.974
llama3.1:8b,10,2,4,10.20,10,10.60,2.618
llama3.1:8b,10,2,5,10.20,10,10.71,2.574
llama3.1:8b,10,2,6,10.20,10,14.39,3.782
llama3.1:8b,10,2,0,10.20,12,12.20,2.664
llama3.1:8b,10,2,1,10.20,12,13.32,3.200
llama3.1:8b,10,2,2,10.20,12,8.90,2.597
llama3.1:8b,10,2,3,10.20,12,20.48,0.900
llama3.1:8b,10,2,4,10.20,12,10.63,2.458
llama3.1:8b,10,2,5,10.20,12,13.68,5.096
llama3.1:8b,10,2,6,10.20,12,14.86,3.710
llama3.1:8b,12,0,0,11.81,0,5.55,3.690
llama3.1:8b,12,0,1,11.81,0,6.22,3.695
llama3.1:8b,12,0,2,11.81,0,6.04,3.187
llama3.1:8b,12,0,3,11.81,0,11.26,0.942
llama3.1:8b,12,0,4,11.81,0,10.35,1.643
llama3.1:8b,12,0,5,11.81,0,6.07,3.531
llama3.1:8b,12,0,6,11.81,0,5.91,4.014
llama3.1:8b,12,0,0,11.81,2,7.06,5.749
llama3.1:8b,12,0,1,11.81,2,6.09,3.792
llama3.1:8b,12,0,2,11.81,2,6.03,3.441
llama3.1:8b,12,0,3,11.81,2,9.55,1.047
llama3.1:8b,12,0,4,11.81,2,13.17,2.898
llama3.1:8b,12,0,5,11.81,2,6.82,4.911
llama3.1:8b,12,0,6,11.81,2,7.29,3.112
llama3.1:8b,12,0,0,11.81,4,9.67,6.705
llama3.1:8b,12,0,1,11.81,4,7.65,4.794
llama3.1:8b,12,0,2,11.81,4,8.12,4.928
llama3.1:8b,12,0,3,11.81,4,10.86,1.140
llama3.1:8b,12,0,4,11.81,4,6.68,4.178
llama3.1:8b,12,0,5,11.81,4,7.28,3.815
llama3.1:8b,12,0,6,11.81,4,8.45,5.518
llama3.1:8b,12,0,0,11.81,6,9.70,6.623
llama3.1:8b,12,0,1,11.81,6,7.00,5.021
llama3.1:8b,12,0,2,11.81,6,8.30,3.501
llama3.1:8b,12,0,3,11.81,6,13.93,1.134
llama3.1:8b,12,0,4,11.81,6,14.31,3.451
llama3.1:8b,12,0,5,11.81,6,8.87,3.765
llama3.1:8b,12,0,6,11.81,6,8.23,5.304
llama3.1:8b,12,0,0,11.81,8,8.94,6.402
llama3.1:8b,12,0,1,11.81,8,9.52,5.286
llama3.1:8b,12,0,2,11.81,8,9.04,3.914
llama3.1:8b,12,0,3,11.81,8,12.56,1.045
llama3.1:8b,12,0,4,11.81,8,12.06,3.730
llama3.1:8b,12,0,5,11.81,8,8.49,4.544
llama3.1:8b,12,0,6,11.81,8,9.23,5.948
llama3.1:8b,12,0,0,11.81,10,12.54,6.182
llama3.1:8b,12,0,1,11.81,10,10.33,7.720
llama3.1:8b,12,0,2,11.81,10,10.85,4.466
llama3.1:8b,12,0,3,11.81,10,16.34,1.111
llama3.1:8b,12,0,4,11.81,10,46.35,4.595
llama3.1:8b,12,0,5,11.81,10,10.90,4.642
llama3.1:8b,12,0,6,11.81,10,11.81,5.192
llama3.1:8b,12,0,0,11.81,12,12.53,6.444
llama3.1:8b,12,0,1,11.81,12,11.88,7.530
llama3.1:8b,12,0,2,11.81,12,10.30,5.005
llama3.1:8b,12,0,3,11.81,12,13.39,1.359
llama3.1:8b,12,0,4,11.81,12,10.75,3.024
llama3.1:8b,12,0,5,11.81,12,13.96,8.737
llama3.1:8b,12,0,6,11.81,12,13.82,6.395
llama3.1:8b,12,1,0,11.54,0,3.84,2.560
llama3.1:8b,12,1,1,11.54,0,4.02,2.533
llama3.1:8b,12,1,2,11.54,0,2.42,2.074
llama3.1:8b,12,1,3,11.54,0,9.55,0.969
llama3.1:8b,12,1,4,11.54,0,4.60,3.392
llama3.1:8b,12,1,5,11.54,0,3.83,2.488
llama3.1:8b,12,1,6,11.54,0,3.71,2.561
llama3.1:8b,12,1,0,11.54,2,4.61,2.883
llama3.1:8b,12,1,1,11.54,2,5.99,3.049
llama3.1:8b,12,1,2,11.54,2,4.45,3.271
llama3.1:8b,12,1,3,11.54,2,10.86,0.963
llama3.1:8b,12,1,4,11.54,2,8.53,2.002
llama3.1:8b,12,1,5,11.54,2,4.24,2.355
llama3.1:8b,12,1,6,11.54,2,3.90,2.852
llama3.1:8b,12,1,0,11.54,4,6.54,4.209
llama3.1:8b,12,1,1,11.54,4,5.90,3.618
llama3.1:8b,12,1,2,11.54,4,4.51,3.961
llama3.1:8b,12,1,3,11.54,4,13.98,1.061
llama3.1:8b,12,1,4,11.54,4,4.40,2.701
llama3.1:8b,12,1,5,11.54,4,3.98,2.647
llama3.1:8b,12,1,6,11.54,4,5.47,3.825
llama3.1:8b,12,1,0,11.54,6,6.92,3.967
llama3.1:8b,12,1,1,11.54,6,7.82,4.216
llama3.1:8b,12,1,2,11.54,6,6.18,4.320
llama3.1:8b,12,1,3,11.54,6,11.21,1.045
llama3.1:8b,12,1,4,11.54,6,13.59,2.040
llama3.1:8b,12,1,5,11.54,6,6.51,3.856
llama3.1:8b,12,1,6,11.54,6,6.66,4.577
llama3.1:8b,12,1,0,11.54,8,10.18,4.223
llama3.1:8b,12,1,1,11.54,8,8.96,4.992
llama3.1:8b,12,1,2,11.54,8,7.19,3.769
llama3.1:8b,12,1,3,11.54,8,12.50,1.060
llama3.1:8b,12,1,4,11.54,8,12.87,2.663
llama3.1:8b,12,1,5,11.54,8,7.48,3.860
llama3.1:8b,12,1,6,11.54,8,8.25,5.183
llama3.1:8b,12,1,0,11.54,10,9.51,5.487
llama3.1:8b,12,1,1,11.54,10,10.88,4.502
llama3.1:8b,12,1,2,11.54,10,8.94,4.004
llama3.1:8b,12,1,3,11.54,10,11.94,1.062
llama3.1:8b,12,1,4,11.54,10,11.16,2.405
llama3.1:8b,12,1,5,11.54,10,8.62,4.722
llama3.1:8b,12,1,6,11.54,10,10.65,5.756
llama3.1:8b,12,1,0,11.54,12,10.23,4.695
llama3.1:8b,12,1,1,11.54,12,13.46,5.307
llama3.1:8b,12,1,2,11.54,12,11.41,6.734
llama3.1:8b,12,1,3,11.54,12,10.81,1.079
llama3.1:8b,12,1,4,11.54,12,14.09,4.284
llama3.1:8b,12,1,5,11.54,12,11.11,5.376
llama3.1:8b,12,1,6,11.54,12,11.84,5.654
llama3.1:8b,12,2,0,11.65,0,2.29,2.005
llama3.1:8b,12,2,1,11.65,0,3.83,2.223
llama3.1:8b,12,2,2,11.65,0,3.86,3.015
llama3.1:8b,12,2,3,11.65,0,11.26,0.777
llama3.1:8b,12,2,4,11.65,0,4.54,2.006
llama3.1:8b,12,2,5,11.65,0,2.33,2.243
llama3.1:8b,12,2,6,11.65,0,4.80,2.202
llama3.1:8b,12,2,0,11.65,2,4.89,3.015
llama3.1:8b,12,2,1,11.65,2,4.54,2.126
llama3.1:8b,12,2,2,11.65,2,4.25,2.363
llama3.1:8b,12,2,3,11.65,2,11.50,0.785
llama3.1:8b,12,2,4,11.65,2,5.93,2.212
llama3.1:8b,12,2,5,11.65,2,4.37,2.318
llama3.1:8b,12,2,6,11.65,2,3.36,2.658
llama3.1:8b,12,2,0,11.65,4,6.70,3.086
llama3.1:8b,12,2,1,11.65,4,5.01,3.091
llama3.1:8b,12,2,2,11.65,4,6.81,3.884
llama3.1:8b,12,2,3,11.65,4,14.63,0.833
llama3.1:8b,12,2,4,11.65,4,5.41,3.378
llama3.1:8b,12,2,5,11.65,4,5.19,2.679
llama3.1:8b,12,2,6,11.65,4,5.17,3.555
llama3.1:8b,12,2,0,11.65,6,9.34,3.138
llama3.1:8b,12,2,1,11.65,6,8.54,3.588
llama3.1:8b,12,2,2,11.65,6,5.21,3.134
llama3.1:8b,12,2,3,11.65,6,12.63,0.875
llama3.1:8b,12,2,4,11.65,6,11.49,2.699
llama3.1:8b,12,2,5,11.65,6,6.88,3.044
llama3.1:8b,12,2,6,11.65,6,6.48,3.262
llama3.1:8b,12,2,0,11.65,8,8.88,3.070
llama3.1:8b,12,2,1,11.65,8,8.50,3.353
llama3.1:8b,12,2,2,11.65,8,6.45,3.440
llama3.1:8b,12,2,3,11.65,8,11.09,0.886
llama3.1:8b,12,2,4,11.65,8,9.64,3.294
llama3.1:8b,12,2,5,11.65,8,7.92,3.291
llama3.1:8b,12,2,6,11.65,8,8.40,3.608
llama3.1:8b,12,2,0,11.65,10,12.32,3.094
llama3.1:8b,12,2,1,11.65,10,10.67,3.441
llama3.1:8b,12,2,2,11.65,10,7.10,3.313
llama3.1:8b,12,2,3,11.65,10,23.72,1.074
llama3.1:8b,12,2,4,11.65,10,12.66,3.122
llama3.1:8b,12,2,5,11.65,10,9.02,3.283
llama3.1:8b,12,2,6,11.65,10,10.00,3.523
llama3.1:8b,12,2,0,11.65,12,13.39,3.293
llama3.1:8b,12,2,1,11.65,12,12.37,3.168
llama3.1:8b,12,2,2,11.65,12,12.94,3.276
llama3.1:8b,12,2,3,11.65,12,18.45,0.802
llama3.1:8b,12,2,4,11.65,12,13.94,2.752
llama3.1:8b,12,2,5,11.65,12,12.73,3.903
llama3.1:8b,12,2,6,11.65,12,13.71,4.145
