mistral:7b,0,0,0,0.44,0,2.62,1.068
mistral:7b,0,0,1,0.44,0,1.61,1.215
mistral:7b,0,0,2,0.44,0,0.88,1.025
mistral:7b,0,0,3,0.44,0,2.43,0.948
mistral:7b,0,0,4,0.44,0,1.68,0.803
mistral:7b,0,0,5,0.44,0,1.88,1.310
mistral:7b,0,0,6,0.44,0,1.35,1.059
mistral:7b,0,0,0,0.44,2,2.07,2.078
mistral:7b,0,0,1,0.44,2,2.18,1.020
mistral:7b,0,0,2,0.44,2,1.24,0.845
mistral:7b,0,0,3,0.44,2,2.76,1.060
mistral:7b,0,0,4,0.44,2,2.09,0.878
mistral:7b,0,0,5,0.44,2,1.85,1.191
mistral:7b,0,0,6,0.44,2,1.29,0.973
mistral:7b,0,0,0,0.44,4,1.10,1.071
mistral:7b,0,0,1,0.44,4,2.56,1.037
mistral:7b,0,0,2,0.44,4,0.82,0.986
mistral:7b,0,0,3,0.44,4,4.63,1.228
mistral:7b,0,0,4,0.44,4,2.28,1.149
mistral:7b,0,0,5,0.44,4,0.77,1.187
mistral:7b,0,0,6,0.44,4,1.89,1.034
mistral:7b,0,0,0,0.44,6,2.28,1.036
mistral:7b,0,0,1,0.44,6,3.13,1.048
mistral:7b,0,0,2,0.44,6,1.76,1.042
mistral:7b,0,0,3,0.44,6,3.89,1.152
mistral:7b,0,0,4,0.44,6,1.23,1.081
mistral:7b,0,0,5,0.44,6,11.62,2.388
mistral:7b,0,0,6,0.44,6,4.17,1.187
mistral:7b,0,0,0,0.44,8,4.52,0.986
mistral:7b,0,0,1,0.44,8,3.31,1.070
mistral:7b,0,0,2,0.44,8,3.29,0.958
mistral:7b,0,0,3,0.44,8,6.11,0.967
mistral:7b,0,0,4,0.44,8,1.98,1.203
mistral:7b,0,0,5,0.44,8,6.60,2.406
mistral:7b,0,0,6,0.44,8,2.84,1.130
mistral:7b,0,0,0,0.44,10,4.52,1.135
mistral:7b,0,0,1,0.44,10,6.66,1.283
mistral:7b,0,0,2,0.44,10,2.58,1.122
mistral:7b,0,0,3,0.44,10,8.63,1.575
mistral:7b,0,0,4,0.44,10,2.88,1.170
mistral:7b,0,0,5,0.44,10,6.83,1.514
mistral:7b,0,0,6,0.44,10,6.21,1.508
mistral:7b,0,0,0,0.44,12,8.03,1.368
mistral:7b,0,0,1,0.44,12,7.78,1.353
mistral:7b,0,0,2,0.44,12,6.12,1.570
mistral:7b,0,0,3,0.44,12,12.79,1.819
mistral:7b,0,0,4,0.44,12,2.87,1.157
mistral:7b,0,0,5,0.44,12,12.17,6.600
mistral:7b,0,0,6,0.44,12,7.91,1.899
mistral:7b,0,1,0,-0.18,0,1.48,1.782
mistral:7b,0,1,1,-0.18,0,0.63,1.531
mistral:7b,0,1,2,-0.18,0,1.69,1.592
mistral:7b,0,1,3,-0.18,0,2.53,2.271
mistral:7b,0,1,4,-0.18,0,-0.07,1.503
mistral:7b,0,1,5,-0.18,0,1.11,1.724
mistral:7b,0,1,6,-0.18,0,0.44,1.315
mistral:7b,0,1,0,-0.18,2,0.53,1.551
mistral:7b,0,1,1,-0.18,2,-0.09,1.545
mistral:7b,0,1,2,-0.18,2,0.23,1.351
mistral:7b,0,1,3,-0.18,2,2.32,1.890
mistral:7b,0,1,4,-0.18,2,-0.00,1.193
mistral:7b,0,1,5,-0.18,2,1.67,1.442
mistral:7b,0,1,6,-0.18,2,0.32,1.676
mistral:7b,0,1,0,-0.18,4,0.81,1.500
mistral:7b,0,1,1,-0.18,4,1.40,1.999
mistral:7b,0,1,2,-0.18,4,2.38,1.354
mistral:7b,0,1,3,-0.18,4,2.80,1.538
mistral:7b,0,1,4,-0.18,4,2.76,1.364
mistral:7b,0,1,5,-0.18,4,1.73,1.444
mistral:7b,0,1,6,-0.18,4,0.98,1.381
mistral:7b,0,1,0,-0.18,6,4.08,1.537
mistral:7b,0,1,1,-0.18,6,0.93,1.660
mistral:7b,0,1,2,-0.18,6,1.89,1.146
mistral:7b,0,1,3,-0.18,6,4.98,2.256
mistral:7b,0,1,4,-0.18,6,2.66,1.497
mistral:7b,0,1,5,-0.18,6,5.50,1.429
mistral:7b,0,1,6,-0.18,6,2.23,1.393
mistral:7b,0,1,0,-0.18,8,3.05,1.607
mistral:7b,0,1,1,-0.18,8,2.71,1.248
mistral:7b,0,1,2,-0.18,8,1.69,1.643
mistral:7b,0,1,3,-0.18,8,3.56,1.648
mistral:7b,0,1,4,-0.18,8,3.54,1.442
mistral:7b,0,1,5,-0.18,8,2.39,1.372
mistral:7b,0,1,6,-0.18,8,3.10,1.692
mistral:7b,0,1,0,-0.18,10,5.62,1.477
mistral:7b,0,1,1,-0.18,10,4.89,1.479
mistral:7b,0,1,2,-0.18,10,3.16,1.479
mistral:7b,0,1,3,-0.18,10,2.57,1.394
mistral:7b,0,1,4,-0.18,10,1.32,1.388
mistral:7b,0,1,5,-0.18,10,6.57,1.463
mistral:7b,0,1,6,-0.18,10,1.99,1.561
mistral:7b,0,1,0,-0.18,12,7.21,1.342
mistral:7b,0,1,1,-0.18,12,7.39,1.564
mistral:7b,0,1,2,-0.18,12,4.48,1.344
mistral:7b,0,1,3,-0.18,12,8.95,1.820
mistral:7b,0,1,4,-0.18,12,2.67,1.269
mistral:7b,0,1,5,-0.18,12,14.13,3.224
mistral:7b,0,1,6,-0.18,12,7.36,1.607
mistral:7b,0,2,0,0.33,0,0.60,1.005
mistral:7b,0,2,1,0.33,0,1.47,1.311
mistral:7b,0,2,2,0.33,0,0.89,1.319
mistral:7b,0,2,3,0.33,0,4.51,1.232
mistral:7b,0,2,4,0.33,0,0.32,0.945
mistral:7b,0,2,5,0.33,0,1.59,1.278
mistral:7b,0,2,6,0.33,0,0.29,0.882
mistral:7b,0,2,0,0.33,2,1.48,1.340
mistral:7b,0,2,1,0.33,2,3.68,1.244
mistral:7b,0,2,2,0.33,2,1.83,1.260
mistral:7b,0,2,3,0.33,2,5.45,1.393
mistral:7b,0,2,4,0.33,2,2.23,1.158
mistral:7b,0,2,5,0.33,2,2.29,1.204
mistral:7b,0,2,6,0.33,2,1.32,1.367
mistral:7b,0,2,0,0.33,4,3.42,1.307
mistral:7b,0,2,1,0.33,4,1.77,1.313
mistral:7b,0,2,2,0.33,4,2.55,1.224
mistral:7b,0,2,3,0.33,4,5.20,1.664
mistral:7b,0,2,4,0.33,4,3.41,1.387
mistral:7b,0,2,5,0.33,4,4.03,2.121
mistral:7b,0,2,6,0.33,4,1.69,1.286
mistral:7b,0,2,0,0.33,6,3.17,1.498
mistral:7b,0,2,1,0.33,6,4.93,1.198
mistral:7b,0,2,2,0.33,6,5.29,1.248
mistral:7b,0,2,3,0.33,6,5.68,1.437
mistral:7b,0,2,4,0.33,6,3.66,1.194
mistral:7b,0,2,5,0.33,6,9.34,3.191
mistral:7b,0,2,6,0.33,6,3.19,1.345
mistral:7b,0,2,0,0.33,8,5.58,1.225
mistral:7b,0,2,1,0.33,8,4.26,1.346
mistral:7b,0,2,2,0.33,8,2.64,1.164
mistral:7b,0,2,3,0.33,8,7.14,1.358
mistral:7b,0,2,4,0.33,8,3.93,1.166
mistral:7b,0,2,5,0.33,8,6.48,1.758
mistral:7b,0,2,6,0.33,8,3.29,1.306
mistral:7b,0,2,0,0.33,10,10.48,1.683
mistral:7b,0,2,1,0.33,10,8.82,2.152
mistral:7b,0,2,2,0.33,10,3.98,1.148
mistral:7b,0,2,3,0.33,10,10.12,1.362
mistral:7b,0,2,4,0.33,10,5.37,1.013
mistral:7b,0,2,5,0.33,10,9.88,4.473
mistral:7b,0,2,6,0.33,10,4.82,1.199
mistral:7b,0,2,0,0.33,12,11.00,1.870
mistral:7b,0,2,1,0.33,12,11.94,2.007
mistral:7b,0,2,2,0.33,12,8.09,1.137
mistral:7b,0,2,3,0.33,12,13.16,2.370
mistral:7b,0,2,4,0.33,12,4.07,1.418
mistral:7b,0,2,5,0.33,12,13.16,4.422
mistral:7b,0,2,6,0.33,12,12.28,1.420
mistral:7b,2,0,0,1.99,0,2.77,0.973
mistral:7b,2,0,1,1.99,0,3.36,1.309
mistral:7b,2,0,2,1.99,0,2.66,1.268
mistral:7b,2,0,3,1.99,0,3.58,1.517
mistral:7b,2,0,4,1.99,0,1.89,1.080
mistral:7b,2,0,5,1.99,0,2.51,1.252
mistral:7b,2,0,6,1.99,0,2.22,1.210
mistral:7b,2,0,0,1.99,2,3.56,1.402
mistral:7b,2,0,1,1.99,2,3.00,1.270
mistral:7b,2,0,2,1.99,2,2.05,1.234
mistral:7b,2,0,3,1.99,2,4.55,1.627
mistral:7b,2,0,4,1.99,2,2.72,1.035
mistral:7b,2,0,5,1.99,2,4.70,1.345
mistral:7b,2,0,6,1.99,2,2.17,1.168
mistral:7b,2,0,0,1.99,4,3.87,1.464
mistral:7b,2,0,1,1.99,4,5.72,1.189
mistral:7b,2,0,2,1.99,4,3.74,1.456
mistral:7b,2,0,3,1.99,4,5.46,1.550
mistral:7b,2,0,4,1.99,4,3.05,1.322
mistral:7b,2,0,5,1.99,4,4.41,2.416
mistral:7b,2,0,6,1.99,4,3.25,1.377
mistral:7b,2,0,0,1.99,6,6.21,0.910
mistral:7b,2,0,1,1.99,6,4.61,1.493
mistral:7b,2,0,2,1.99,6,5.77,1.434
mistral:7b,2,0,3,1.99,6,5.13,1.499
mistral:7b,2,0,4,1.99,6,4.71,1.401
mistral:7b,2,0,5,1.99,6,5.76,1.301
mistral:7b,2,0,6,1.99,6,5.84,1.408
mistral:7b,2,0,0,1.99,8,6.43,1.350
mistral:7b,2,0,1,1.99,8,5.11,1.353
mistral:7b,2,0,2,1.99,8,4.36,1.558
mistral:7b,2,0,3,1.99,8,5.13,1.604
mistral:7b,2,0,4,1.99,8,7.00,1.510
mistral:7b,2,0,5,1.99,8,7.20,1.378
mistral:7b,2,0,6,1.99,8,6.24,1.498
mistral:7b,2,0,0,1.99,10,8.55,1.498
mistral:7b,2,0,1,1.99,10,7.76,1.431
mistral:7b,2,0,2,1.99,10,3.51,1.587
mistral:7b,2,0,3,1.99,10,6.95,1.580
mistral:7b,2,0,4,1.99,10,4.61,1.502
mistral:7b,2,0,5,1.99,10,5.89,1.632
mistral:7b,2,0,6,1.99,10,7.96,1.478
mistral:7b,2,0,0,1.99,12,11.08,1.543
mistral:7b,2,0,1,1.99,12,10.32,1.274
mistral:7b,2,0,2,1.99,12,8.64,1.657
mistral:7b,2,0,3,1.99,12,9.73,1.629
mistral:7b,2,0,4,1.99,12,6.56,1.501
mistral:7b,2,0,5,1.99,12,15.40,3.962
mistral:7b,2,0,6,1.99,12,9.61,1.544
mistral:7b,2,1,0,2.17,0,2.17,1.635
mistral:7b,2,1,1,2.17,0,1.58,1.316
mistral:7b,2,1,2,2.17,0,1.82,1.985
mistral:7b,2,1,3,2.17,0,2.21,1.754
mistral:7b,2,1,4,2.17,0,1.89,1.091
mistral:7b,2,1,5,2.17,0,1.15,1.545
mistral:7b,2,1,6,2.17,0,1.48,1.390
mistral:7b,2,1,0,2.17,2,1.72,1.538
mistral:7b,2,1,1,2.17,2,3.24,1.441
mistral:7b,2,1,2,2.17,2,2.07,1.541
mistral:7b,2,1,3,2.17,2,1.58,1.875
mistral:7b,2,1,4,2.17,2,2.71,1.722
mistral:7b,2,1,5,2.17,2,1.15,1.795
mistral:7b,2,1,6,2.17,2,1.79,1.602
mistral:7b,2,1,0,2.17,4,1.90,1.699
mistral:7b,2,1,1,2.17,4,3.31,1.879
mistral:7b,2,1,2,2.17,4,2.39,1.678
mistral:7b,2,1,3,2.17,4,2.44,1.862
mistral:7b,2,1,4,2.17,4,2.29,1.810
mistral:7b,2,1,5,2.17,4,2.82,1.883
mistral:7b,2,1,6,2.17,4,2.79,1.259
mistral:7b,2,1,0,2.17,6,2.87,1.811
mistral:7b,2,1,1,2.17,6,3.05,2.277
mistral:7b,2,1,2,2.17,6,2.61,1.871
mistral:7b,2,1,3,2.17,6,1.73,1.689
mistral:7b,2,1,4,2.17,6,1.99,1.711
mistral:7b,2,1,5,2.17,6,2.38,1.767
mistral:7b,2,1,6,2.17,6,1.62,1.782
mistral:7b,2,1,0,2.17,8,2.86,1.712
mistral:7b,2,1,1,2.17,8,2.63,2.188
mistral:7b,2,1,2,2.17,8,3.65,1.202
mistral:7b,2,1,3,2.17,8,2.99,1.830
mistral:7b,2,1,4,2.17,8,2.74,1.908
mistral:7b,2,1,5,2.17,8,6.01,4.003
mistral:7b,2,1,6,2.17,8,3.37,1.943
mistral:7b,2,1,0,2.17,10,3.74,1.783
mistral:7b,2,1,1,2.17,10,4.77,1.418
mistral:7b,2,1,2,2.17,10,2.14,1.680
mistral:7b,2,1,3,2.17,10,5.24,1.911
mistral:7b,2,1,4,2.17,10,2.23,1.879
mistral:7b,2,1,5,2.17,10,3.89,2.127
mistral:7b,2,1,6,2.17,10,2.79,2.013
mistral:7b,2,1,0,2.17,12,6.90,0.859
mistral:7b,2,1,1,2.17,12,6.58,2.057
mistral:7b,2,1,2,2.17,12,3.65,2.150
mistral:7b,2,1,3,2.17,12,5.74,2.119
mistral:7b,2,1,4,2.17,12,2.90,1.693
mistral:7b,2,1,5,2.17,12,13.09,7.427
mistral:7b,2,1,6,2.17,12,5.28,1.873
mistral:7b,2,2,0,1.96,0,2.39,1.629
mistral:7b,2,2,1,1.96,0,2.38,1.741
mistral:7b,2,2,2,1.96,0,1.90,1.398
mistral:7b,2,2,3,1.96,0,2.54,1.776
mistral:7b,2,2,4,1.96,0,2.80,1.040
mistral:7b,2,2,5,1.96,0,2.50,1.440
mistral:7b,2,2,6,1.96,0,1.52,1.109
mistral:7b,2,2,0,1.96,2,2.76,1.197
mistral:7b,2,2,1,1.96,2,3.28,1.376
mistral:7b,2,2,2,1.96,2,2.68,1.618
mistral:7b,2,2,3,1.96,2,2.59,1.616
mistral:7b,2,2,4,1.96,2,2.19,1.556
mistral:7b,2,2,5,1.96,2,3.16,1.572
mistral:7b,2,2,6,1.96,2,2.73,1.416
mistral:7b,2,2,0,1.96,4,3.39,1.464
mistral:7b,2,2,1,1.96,4,3.55,1.616
mistral:7b,2,2,2,1.96,4,3.55,1.454
mistral:7b,2,2,3,1.96,4,4.16,1.462
mistral:7b,2,2,4,1.96,4,2.67,1.671
mistral:7b,2,2,5,1.96,4,3.06,1.626
mistral:7b,2,2,6,1.96,4,2.78,1.568
mistral:7b,2,2,0,1.96,6,3.56,1.253
mistral:7b,2,2,1,1.96,6,2.99,1.460
mistral:7b,2,2,2,1.96,6,3.22,1.590
mistral:7b,2,2,3,1.96,6,4.27,1.543
mistral:7b,2,2,4,1.96,6,2.80,1.547
mistral:7b,2,2,5,1.96,6,7.03,1.060
mistral:7b,2,2,6,1.96,6,4.56,1.785
mistral:7b,2,2,0,1.96,8,4.16,1.671
mistral:7b,2,2,1,1.96,8,4.12,1.578
mistral:7b,2,2,2,1.96,8,2.30,1.492
mistral:7b,2,2,3,1.96,8,5.43,1.374
mistral:7b,2,2,4,1.96,8,3.28,1.706
mistral:7b,2,2,5,1.96,8,2.82,1.750
mistral:7b,2,2,6,1.96,8,3.23,1.650
mistral:7b,2,2,0,1.96,10,4.51,2.004
mistral:7b,2,2,1,1.96,10,6.20,1.546
mistral:7b,2,2,2,1.96,10,3.44,1.660
mistral:7b,2,2,3,1.96,10,5.89,2.285
mistral:7b,2,2,4,1.96,10,2.88,1.496
mistral:7b,2,2,5,1.96,10,3.39,1.669
mistral:7b,2,2,6,1.96,10,3.67,1.509
mistral:7b,2,2,0,1.96,12,8.69,1.306
mistral:7b,2,2,1,1.96,12,7.67,1.404
mistral:7b,2,2,2,1.96,12,6.57,1.905
mistral:7b,2,2,3,1.96,12,13.32,1.572
mistral:7b,2,2,4,1.96,12,4.29,2.087
mistral:7b,2,2,5,1.96,12,7.13,1.464
mistral:7b,2,2,6,1.96,12,10.16,1.951
mistral:7b,4,0,0,3.85,0,2.74,2.055
mistral:7b,4,0,1,3.85,0,2.20,1.862
mistral:7b,4,0,2,3.85,0,2.28,2.050
mistral:7b,4,0,3,3.85,0,6.50,1.994
mistral:7b,4,0,4,3.85,0,1.97,1.494
mistral:7b,4,0,5,3.85,0,3.74,2.168
mistral:7b,4,0,6,3.85,0,1.98,1.171
mistral:7b,4,0,0,3.85,2,3.71,2.305
mistral:7b,4,0,1,3.85,2,4.43,2.221
mistral:7b,4,0,2,3.85,2,2.38,2.075
mistral:7b,4,0,3,3.85,2,8.24,1.527
mistral:7b,4,0,4,3.85,2,2.55,1.964
mistral:7b,4,0,5,3.85,2,3.99,2.342
mistral:7b,4,0,6,3.85,2,3.05,1.999
mistral:7b,4,0,0,3.85,4,4.18,2.335
mistral:7b,4,0,1,3.85,4,4.51,2.270
mistral:7b,4,0,2,3.85,4,2.82,2.030
mistral:7b,4,0,3,3.85,4,6.39,2.662
mistral:7b,4,0,4,3.85,4,2.46,2.007
mistral:7b,4,0,5,3.85,4,3.52,2.138
mistral:7b,4,0,6,3.85,4,2.36,1.990
mistral:7b,4,0,0,3.85,6,5.09,2.203
mistral:7b,4,0,1,3.85,6,4.31,2.296
mistral:7b,4,0,2,3.85,6,3.00,2.188
mistral:7b,4,0,3,3.85,6,4.27,2.203
mistral:7b,4,0,4,3.85,6,2.98,2.279
mistral:7b,4,0,5,3.85,6,4.43,1.994
mistral:7b,4,0,6,3.85,6,2.92,1.937
mistral:7b,4,0,0,3.85,8,5.84,2.383
mistral:7b,4,0,1,3.85,8,5.03,2.319
mistral:7b,4,0,2,3.85,8,4.13,2.108
mistral:7b,4,0,3,3.85,8,5.45,2.886
mistral:7b,4,0,4,3.85,8,5.09,2.286
mistral:7b,4,0,5,3.85,8,4.71,2.216
mistral:7b,4,0,6,3.85,8,3.66,1.971
mistral:7b,4,0,0,3.85,10,4.50,2.178
mistral:7b,4,0,1,3.85,10,4.43,2.238
mistral:7b,4,0,2,3.85,10,4.00,2.052
mistral:7b,4,0,3,3.85,10,7.85,1.963
mistral:7b,4,0,4,3.85,10,4.15,2.254
mistral:7b,4,0,5,3.85,10,5.86,2.371
mistral:7b,4,0,6,3.85,10,4.37,2.124
mistral:7b,4,0,0,3.85,12,8.29,2.334
mistral:7b,4,0,1,3.85,12,9.31,2.473
mistral:7b,4,0,2,3.85,12,5.81,2.273
mistral:7b,4,0,3,3.85,12,8.24,2.419
mistral:7b,4,0,4,3.85,12,5.25,2.248
mistral:7b,4,0,5,3.85,12,8.90,2.364
mistral:7b,4,0,6,3.85,12,7.28,2.408
mistral:7b,4,1,0,3.69,0,2.43,1.270
mistral:7b,4,1,1,3.69,0,3.48,2.082
mistral:7b,4,1,2,3.69,0,3.47,1.393
mistral:7b,4,1,3,3.69,0,3.34,2.625
mistral:7b,4,1,4,3.69,0,1.26,1.430
mistral:7b,4,1,5,3.69,0,3.05,3.313
mistral:7b,4,1,6,3.69,0,2.00,1.650
mistral:7b,4,1,0,3.69,2,3.66,1.882
mistral:7b,4,1,1,3.69,2,2.77,2.171
mistral:7b,4,1,2,3.69,2,3.42,3.046
mistral:7b,4,1,3,3.69,2,4.56,2.516
mistral:7b,4,1,4,3.69,2,2.55,3.040
mistral:7b,4,1,5,3.69,2,2.93,2.088
mistral:7b,4,1,6,3.69,2,2.40,3.299
mistral:7b,4,1,0,3.69,4,4.17,2.422
mistral:7b,4,1,1,3.69,4,4.01,2.352
mistral:7b,4,1,2,3.69,4,3.05,2.250
mistral:7b,4,1,3,3.69,4,3.66,3.040
mistral:7b,4,1,4,3.69,4,3.38,2.715
mistral:7b,4,1,5,3.69,4,4.07,3.012
mistral:7b,4,1,6,3.69,4,3.33,2.733
mistral:7b,4,1,0,3.69,6,3.41,2.741
mistral:7b,4,1,1,3.69,6,4.71,1.705
mistral:7b,4,1,2,3.69,6,3.04,2.528
mistral:7b,4,1,3,3.69,6,4.25,2.978
mistral:7b,4,1,4,3.69,6,3.71,2.753
mistral:7b,4,1,5,3.69,6,4.30,3.393
mistral:7b,4,1,6,3.69,6,4.43,2.568
mistral:7b,4,1,0,3.69,8,5.04,3.125
mistral:7b,4,1,1,3.69,8,5.09,2.020
mistral:7b,4,1,2,3.69,8,3.76,2.115
mistral:7b,4,1,3,3.69,8,4.26,2.260
mistral:7b,4,1,4,3.69,8,4.30,2.944
mistral:7b,4,1,5,3.69,8,5.27,3.219
mistral:7b,4,1,6,3.69,8,3.51,3.093
mistral:7b,4,1,0,3.69,10,6.16,3.224
mistral:7b,4,1,1,3.69,10,7.00,3.089
mistral:7b,4,1,2,3.69,10,3.88,2.802
mistral:7b,4,1,3,3.69,10,9.29,2.038
mistral:7b,4,1,4,3.69,10,3.66,2.563
mistral:7b,4,1,5,3.69,10,7.85,2.945
mistral:7b,4,1,6,3.69,10,5.65,3.353
mistral:7b,4,1,0,3.69,12,9.69,3.130
mistral:7b,4,1,1,3.69,12,11.48,3.515
mistral:7b,4,1,2,3.69,12,10.41,3.336
mistral:7b,4,1,3,3.69,12,8.13,3.326
mistral:7b,4,1,4,3.69,12,6.02,2.900
mistral:7b,4,1,5,3.69,12,13.90,6.064
mistral:7b,4,1,6,3.69,12,11.07,4.202
mistral:7b,4,2,0,3.82,0,2.54,1.097
mistral:7b,4,2,1,3.82,0,3.91,2.659
mistral:7b,4,2,2,3.82,0,3.43,2.066
mistral:7b,4,2,3,3.82,0,4.11,3.514
mistral:7b,4,2,4,3.82,0,2.80,2.879
mistral:7b,4,2,5,3.82,0,3.72,2.723
mistral:7b,4,2,6,3.82,0,2.65,2.144
mistral:7b,4,2,0,3.82,2,3.08,2.364
mistral:7b,4,2,1,3.82,2,2.91,2.152
mistral:7b,4,2,2,3.82,2,3.52,2.895
mistral:7b,4,2,3,3.82,2,3.49,2.808
mistral:7b,4,2,4,3.82,2,3.53,3.207
mistral:7b,4,2,5,3.82,2,3.65,2.144
mistral:7b,4,2,6,3.82,2,3.46,2.932
mistral:7b,4,2,0,3.82,4,4.79,2.959
mistral:7b,4,2,1,3.82,4,4.59,3.430
mistral:7b,4,2,2,3.82,4,3.76,2.790
mistral:7b,4,2,3,3.82,4,5.13,3.386
mistral:7b,4,2,4,3.82,4,4.28,2.500
mistral:7b,4,2,5,3.82,4,5.98,7.316
mistral:7b,4,2,6,3.82,4,3.22,2.471
mistral:7b,4,2,0,3.82,6,5.75,3.058
mistral:7b,4,2,1,3.82,6,5.79,3.443
mistral:7b,4,2,2,3.82,6,5.04,2.625
mistral:7b,4,2,3,3.82,6,5.14,3.677
mistral:7b,4,2,4,3.82,6,3.75,3.620
mistral:7b,4,2,5,3.82,6,5.81,3.156
mistral:7b,4,2,6,3.82,6,4.28,3.214
mistral:7b,4,2,0,3.82,8,5.04,3.726
mistral:7b,4,2,1,3.82,8,5.86,2.517
mistral:7b,4,2,2,3.82,8,5.73,3.690
mistral:7b,4,2,3,3.82,8,4.94,3.573
mistral:7b,4,2,4,3.82,8,3.96,3.058
mistral:7b,4,2,5,3.82,8,4.94,2.681
mistral:7b,4,2,6,3.82,8,6.27,3.320
mistral:7b,4,2,0,3.82,10,6.36,3.396
mistral:7b,4,2,1,3.82,10,6.88,3.448
mistral:7b,4,2,2,3.82,10,6.60,3.516
mistral:7b,4,2,3,3.82,10,6.92,3.204
mistral:7b,4,2,4,3.82,10,5.60,3.639
mistral:7b,4,2,5,3.82,10,10.08,2.274
mistral:7b,4,2,6,3.82,10,8.95,3.077
mistral:7b,4,2,0,3.82,12,9.48,2.913
mistral:7b,4,2,1,3.82,12,10.05,3.054
mistral:7b,4,2,2,3.82,12,9.07,3.722
mistral:7b,4,2,3,3.82,12,8.81,3.653
mistral:7b,4,2,4,3.82,12,7.57,3.791
mistral:7b,4,2,5,3.82,12,9.25,3.479
mistral:7b,4,2,6,3.82,12,11.10,3.667
mistral:7b,6,0,0,6.18,0,4.75,3.021
mistral:7b,6,0,1,6.18,0,5.22,1.927
mistral:7b,6,0,2,6.18,0,4.87,2.767
mistral:7b,6,0,3,6.18,0,4.98,2.560
mistral:7b,6,0,4,6.18,0,3.26,1.558
mistral:7b,6,0,5,6.18,0,5.41,2.901
mistral:7b,6,0,6,6.18,0,3.16,1.937
mistral:7b,6,0,0,6.18,2,6.49,1.374
mistral:7b,6,0,1,6.18,2,5.20,2.555
mistral:7b,6,0,2,6.18,2,5.47,2.870
mistral:7b,6,0,3,6.18,2,7.00,2.756
mistral:7b,6,0,4,6.18,2,3.87,3.134
mistral:7b,6,0,5,6.18,2,5.01,2.933
mistral:7b,6,0,6,6.18,2,4.46,2.283
mistral:7b,6,0,0,6.18,4,5.70,2.586
mistral:7b,6,0,1,6.18,4,5.44,2.995
mistral:7b,6,0,2,6.18,4,4.52,2.841
mistral:7b,6,0,3,6.18,4,7.16,3.055
mistral:7b,6,0,4,6.18,4,5.19,2.698
mistral:7b,6,0,5,6.18,4,4.60,3.612
mistral:7b,6,0,6,6.18,4,5.04,2.040
mistral:7b,6,0,0,6.18,6,7.90,1.954
mistral:7b,6,0,1,6.18,6,5.36,2.770
mistral:7b,6,0,2,6.18,6,7.10,2.218
mistral:7b,6,0,3,6.18,6,7.00,3.140
mistral:7b,6,0,4,6.18,6,6.31,3.575
mistral:7b,6,0,5,6.18,6,6.55,3.439
mistral:7b,6,0,6,6.18,6,7.03,2.557
mistral:7b,6,0,0,6.18,8,8.42,3.045
mistral:7b,6,0,1,6.18,8,7.54,2.484
mistral:7b,6,0,2,6.18,8,6.21,3.204
mistral:7b,6,0,3,6.18,8,8.75,3.346
mistral:7b,6,0,4,6.18,8,5.39,2.502
mistral:7b,6,0,5,6.18,8,8.96,3.080
mistral:7b,6,0,6,6.18,8,8.89,2.380
mistral:7b,6,0,0,6.18,10,11.73,3.099
mistral:7b,6,0,1,6.18,10,10.18,1.729
mistral:7b,6,0,2,6.18,10,10.87,1.846
mistral:7b,6,0,3,6.18,10,10.26,3.571
mistral:7b,6,0,4,6.18,10,7.11,3.518
mistral:7b,6,0,5,6.18,10,10.67,3.607
mistral:7b,6,0,6,6.18,10,12.83,1.859
mistral:7b,6,0,0,6.18,12,17.22,1.893
mistral:7b,6,0,1,6.18,12,13.38,3.808
mistral:7b,6,0,2,6.18,12,10.12,3.235
mistral:7b,6,0,3,6.18,12,13.40,3.473
mistral:7b,6,0,4,6.18,12,9.12,3.493
mistral:7b,6,0,5,6.18,12,10.40,3.627
mistral:7b,6,0,6,6.18,12,12.55,3.668
mistral:7b,6,1,0,5.79,0,4.65,2.076
mistral:7b,6,1,1,5.79,0,4.19,2.427
mistral:7b,6,1,2,5.79,0,3.06,1.648
mistral:7b,6,1,3,5.79,0,4.02,2.237
mistral:7b,6,1,4,5.79,0,4.16,2.550
mistral:7b,6,1,5,5.79,0,4.47,1.843
mistral:7b,6,1,6,5.79,0,3.04,2.049
mistral:7b,6,1,0,5.79,2,4.94,2.374
mistral:7b,6,1,1,5.79,2,4.02,1.853
mistral:7b,6,1,2,5.79,2,2.53,1.548
mistral:7b,6,1,3,5.79,2,4.47,2.334
mistral:7b,6,1,4,5.79,2,4.71,2.534
mistral:7b,6,1,5,5.79,2,2.75,1.224
mistral:7b,6,1,6,5.79,2,4.34,2.326
mistral:7b,6,1,0,5.79,4,5.01,2.563
mistral:7b,6,1,1,5.79,4,3.39,1.871
mistral:7b,6,1,2,5.79,4,4.65,2.103
mistral:7b,6,1,3,5.79,4,5.00,2.536
mistral:7b,6,1,4,5.79,4,4.89,2.610
mistral:7b,6,1,5,5.79,4,2.40,1.924
mistral:7b,6,1,6,5.79,4,3.45,1.835
mistral:7b,6,1,0,5.79,6,4.70,2.467
mistral:7b,6,1,1,5.79,6,5.14,2.018
mistral:7b,6,1,2,5.79,6,4.32,1.809
mistral:7b,6,1,3,5.79,6,5.00,2.543
mistral:7b,6,1,4,5.79,6,4.38,2.383
mistral:7b,6,1,5,5.79,6,3.66,0.904
mistral:7b,6,1,6,5.79,6,3.49,2.134
mistral:7b,6,1,0,5.79,8,6.08,2.720
mistral:7b,6,1,1,5.79,8,5.27,1.785
mistral:7b,6,1,2,5.79,8,3.57,1.896
mistral:7b,6,1,3,5.79,8,5.19,1.997
mistral:7b,6,1,4,5.79,8,5.35,2.628
mistral:7b,6,1,5,5.79,8,5.96,1.146
mistral:7b,6,1,6,5.79,8,4.46,2.321
mistral:7b,6,1,0,5.79,10,5.61,2.703
mistral:7b,6,1,1,5.79,10,5.50,2.521
mistral:7b,6,1,2,5.79,10,5.16,2.441
mistral:7b,6,1,3,5.79,10,7.18,2.410
mistral:7b,6,1,4,5.79,10,4.91,2.464
mistral:7b,6,1,5,5.79,10,7.16,0.945
mistral:7b,6,1,6,5.79,10,5.72,2.754
mistral:7b,6,1,0,5.79,12,7.66,3.065
mistral:7b,6,1,1,5.79,12,7.99,2.981
mistral:7b,6,1,2,5.79,12,4.50,2.192
mistral:7b,6,1,3,5.79,12,8.99,3.244
mistral:7b,6,1,4,5.79,12,6.54,2.816
mistral:7b,6,1,5,5.79,12,7.28,1.762
mistral:7b,6,1,6,5.79,12,8.34,3.205
mistral:7b,6,2,0,5.61,0,4.98,2.306
mistral:7b,6,2,1,5.61,0,4.99,2.126
mistral:7b,6,2,2,5.61,0,5.20,1.710
mistral:7b,6,2,3,5.61,0,5.20,2.298
mistral:7b,6,2,4,5.61,0,4.51,2.535
mistral:7b,6,2,5,5.61,0,5.20,3.193
mistral:7b,6,2,6,5.61,0,1.52,1.266
mistral:7b,6,2,0,5.61,2,5.90,3.176
mistral:7b,6,2,1,5.61,2,4.34,2.302
mistral:7b,6,2,2,5.61,2,4.08,2.238
mistral:7b,6,2,3,5.61,2,5.20,2.928
mistral:7b,6,2,4,5.61,2,4.72,1.712
mistral:7b,6,2,5,5.61,2,5.27,3.027
mistral:7b,6,2,6,5.61,2,5.41,2.135
mistral:7b,6,2,0,5.61,4,5.60,3.249
mistral:7b,6,2,1,5.61,4,4.90,2.607
mistral:7b,6,2,2,5.61,4,4.73,1.881
mistral:7b,6,2,3,5.61,4,6.63,2.572
mistral:7b,6,2,4,5.61,4,5.39,2.533
mistral:7b,6,2,5,5.61,4,6.94,3.606
mistral:7b,6,2,6,5.61,4,6.24,2.256
mistral:7b,6,2,0,5.61,6,7.11,2.317
mistral:7b,6,2,1,5.61,6,7.61,3.136
mistral:7b,6,2,2,5.61,6,6.33,3.329
mistral:7b,6,2,3,5.61,6,7.12,2.763
mistral:7b,6,2,4,5.61,6,5.48,3.361
mistral:7b,6,2,5,5.61,6,7.09,3.500
mistral:7b,6,2,6,5.61,6,7.35,3.348
mistral:7b,6,2,0,5.61,8,8.90,2.125
mistral:7b,6,2,1,5.61,8,9.20,3.110
mistral:7b,6,2,2,5.61,8,5.99,3.377
mistral:7b,6,2,3,5.61,8,7.89,2.308
mistral:7b,6,2,4,5.61,8,6.67,3.098
mistral:7b,6,2,5,5.61,8,6.90,3.159
mistral:7b,6,2,6,5.61,8,8.60,2.248
mistral:7b,6,2,0,5.61,10,9.71,2.288
mistral:7b,6,2,1,5.61,10,8.20,2.177
mistral:7b,6,2,2,5.61,10,6.36,3.331
mistral:7b,6,2,3,5.61,10,11.58,2.031
mistral:7b,6,2,4,5.61,10,6.47,2.792
mistral:7b,6,2,5,5.61,10,12.23,3.077
mistral:7b,6,2,6,5.61,10,7.63,3.495
mistral:7b,6,2,0,5.61,12,12.94,2.404
mistral:7b,6,2,1,5.61,12,10.62,3.161
mistral:7b,6,2,2,5.61,12,11.35,2.560
mistral:7b,6,2,3,5.61,12,16.21,3.701
mistral:7b,6,2,4,5.61,12,9.61,2.661
mistral:7b,6,2,5,5.61,12,11.17,3.646
mistral:7b,6,2,6,5.61,12,10.40,2.619
mistral:7b,8,0,0,7.91,0,4.09,1.991
mistral:7b,8,0,1,7.91,0,5.70,2.298
mistral:7b,8,0,2,7.91,0,4.60,1.828
mistral:7b,8,0,3,7.91,0,6.17,2.417
mistral:7b,8,0,4,7.91,0,3.45,1.357
mistral:7b,8,0,5,7.91,0,4.92,1.673
mistral:7b,8,0,6,7.91,0,4.31,2.081
mistral:7b,8,0,0,7.91,2,5.44,2.436
mistral:7b,8,0,1,7.91,2,4.81,2.086
mistral:7b,8,0,2,7.91,2,4.14,1.973
mistral:7b,8,0,3,7.91,2,6.27,2.543
mistral:7b,8,0,4,7.91,2,4.37,2.434
mistral:7b,8,0,5,7.91,2,3.94,2.038
mistral:7b,8,0,6,7.91,2,4.44,2.152
mistral:7b,8,0,0,7.91,4,7.21,2.574
mistral:7b,8,0,1,7.91,4,6.17,2.231
mistral:7b,8,0,2,7.91,4,4.87,1.948
mistral:7b,8,0,3,7.91,4,6.72,2.485
mistral:7b,8,0,4,7.91,4,5.36,2.486
mistral:7b,8,0,5,7.91,4,6.73,2.494
mistral:7b,8,0,6,7.91,4,6.19,2.568
mistral:7b,8,0,0,7.91,6,8.21,2.698
mistral:7b,8,0,1,7.91,6,8.37,2.590
mistral:7b,8,0,2,7.91,6,6.27,2.227
mistral:7b,8,0,3,7.91,6,7.19,2.637
mistral:7b,8,0,4,7.91,6,7.12,2.468
mistral:7b,8,0,5,7.91,6,7.86,2.150
mistral:7b,8,0,6,7.91,6,6.79,2.669
mistral:7b,8,0,0,7.91,8,7.73,2.447
mistral:7b,8,0,1,7.91,8,8.62,2.521
mistral:7b,8,0,2,7.91,8,5.98,2.096
mistral:7b,8,0,3,7.91,8,8.59,2.774
mistral:7b,8,0,4,7.91,8,7.23,2.704
mistral:7b,8,0,5,7.91,8,6.83,1.960
mistral:7b,8,0,6,7.91,8,7.46,2.463
mistral:7b,8,0,0,7.91,10,10.04,2.370
mistral:7b,8,0,1,7.91,10,9.04,2.261
mistral:7b,8,0,2,7.91,10,8.63,2.380
mistral:7b,8,0,3,7.91,10,8.25,2.631
mistral:7b,8,0,4,7.91,10,6.82,2.610
mistral:7b,8,0,5,7.91,10,11.17,1.985
mistral:7b,8,0,6,7.91,10,8.29,2.568
mistral:7b,8,0,0,7.91,12,10.41,2.423
mistral:7b,8,0,1,7.91,12,12.14,2.190
mistral:7b,8,0,2,7.91,12,11.23,1.847
mistral:7b,8,0,3,7.91,12,11.30,2.987
mistral:7b,8,0,4,7.91,12,7.79,2.515
mistral:7b,8,0,5,7.91,12,12.69,2.590
mistral:7b,8,0,6,7.91,12,10.69,2.615
mistral:7b,8,1,0,7.74,0,7.97,1.806
mistral:7b,8,1,1,7.74,0,5.76,2.387
mistral:7b,8,1,2,7.74,0,5.58,1.787
mistral:7b,8,1,3,7.74,0,6.84,1.793
mistral:7b,8,1,4,7.74,0,6.57,2.871
mistral:7b,8,1,5,7.74,0,6.68,2.465
mistral:7b,8,1,6,7.74,0,5.54,2.171
mistral:7b,8,1,0,7.74,2,7.90,2.591
mistral:7b,8,1,1,7.74,2,6.83,2.414
mistral:7b,8,1,2,7.74,2,6.42,2.543
mistral:7b,8,1,3,7.74,2,5.69,3.234
mistral:7b,8,1,4,7.74,2,5.32,2.166
mistral:7b,8,1,5,7.74,2,5.63,2.648
mistral:7b,8,1,6,7.74,2,5.41,2.556
mistral:7b,8,1,0,7.74,4,8.35,2.602
mistral:7b,8,1,1,7.74,4,6.74,2.521
mistral:7b,8,1,2,7.74,4,7.15,1.791
mistral:7b,8,1,3,7.74,4,6.04,3.107
mistral:7b,8,1,4,7.74,4,6.10,2.073
mistral:7b,8,1,5,7.74,4,6.72,3.038
mistral:7b,8,1,6,7.74,4,5.86,3.262
mistral:7b,8,1,0,7.74,6,8.59,2.934
mistral:7b,8,1,1,7.74,6,7.39,2.834
mistral:7b,8,1,2,7.74,6,7.84,2.344
mistral:7b,8,1,3,7.74,6,7.20,2.957
mistral:7b,8,1,4,7.74,6,6.92,2.756
mistral:7b,8,1,5,7.74,6,8.97,2.424
mistral:7b,8,1,6,7.74,6,6.09,2.581
mistral:7b,8,1,0,7.74,8,9.70,2.328
mistral:7b,8,1,1,7.74,8,9.42,2.423
mistral:7b,8,1,2,7.74,8,7.36,2.280
mistral:7b,8,1,3,7.74,8,9.68,2.734
mistral:7b,8,1,4,7.74,8,8.20,2.776
mistral:7b,8,1,5,7.74,8,10.35,3.136
mistral:7b,8,1,6,7.74,8,8.49,3.110
mistral:7b,8,1,0,7.74,10,8.11,2.592
mistral:7b,8,1,1,7.74,10,9.04,2.399
mistral:7b,8,1,2,7.74,10,10.06,2.525
mistral:7b,8,1,3,7.74,10,8.45,2.636
mistral:7b,8,1,4,7.74,10,8.51,2.916
mistral:7b,8,1,5,7.74,10,12.08,2.363
mistral:7b,8,1,6,7.74,10,9.28,2.480
mistral:7b,8,1,0,7.74,12,14.01,2.211
mistral:7b,8,1,1,7.74,12,13.17,2.637
mistral:7b,8,1,2,7.74,12,9.96,2.430
mistral:7b,8,1,3,7.74,12,15.54,4.486
mistral:7b,8,1,4,7.74,12,9.73,3.030
mistral:7b,8,1,5,7.74,12,14.19,3.355
mistral:7b,8,1,6,7.74,12,14.85,3.145
mistral:7b,8,2,0,8.22,0,7.43,1.972
mistral:7b,8,2,1,8.22,0,8.07,2.466
mistral:7b,8,2,2,8.22,0,7.01,2.318
mistral:7b,8,2,3,8.22,0,7.52,2.331
mistral:7b,8,2,4,8.22,0,5.58,2.009
mistral:7b,8,2,5,8.22,0,7.38,1.984
mistral:7b,8,2,6,8.22,0,6.23,2.289
mistral:7b,8,2,0,8.22,2,8.41,2.266
mistral:7b,8,2,1,8.22,2,7.76,2.384
mistral:7b,8,2,2,8.22,2,6.54,2.279
mistral:7b,8,2,3,8.22,2,7.27,1.955
mistral:7b,8,2,4,8.22,2,6.14,2.836
mistral:7b,8,2,5,8.22,2,8.28,2.738
mistral:7b,8,2,6,8.22,2,6.43,2.687
mistral:7b,8,2,0,8.22,4,8.50,2.269
mistral:7b,8,2,1,8.22,4,7.31,2.397
mistral:7b,8,2,2,8.22,4,9.44,2.383
mistral:7b,8,2,3,8.22,4,8.49,2.711
mistral:7b,8,2,4,8.22,4,8.18,2.318
mistral:7b,8,2,5,8.22,4,7.94,2.427
mistral:7b,8,2,6,8.22,4,7.72,2.696
mistral:7b,8,2,0,8.22,6,9.44,2.453
mistral:7b,8,2,1,8.22,6,8.54,2.819
mistral:7b,8,2,2,8.22,6,7.30,2.514
mistral:7b,8,2,3,8.22,6,8.42,2.190
mistral:7b,8,2,4,8.22,6,8.06,2.707
mistral:7b,8,2,5,8.22,6,9.40,2.413
mistral:7b,8,2,6,8.22,6,8.36,2.697
mistral:7b,8,2,0,8.22,8,8.22,2.374
mistral:7b,8,2,1,8.22,8,8.50,2.357
mistral:7b,8,2,2,8.22,8,7.54,2.723
mistral:7b,8,2,3,8.22,8,10.93,2.332
mistral:7b,8,2,4,8.22,8,8.17,2.560
mistral:7b,8,2,5,8.22,8,8.18,3.694
mistral:7b,8,2,6,8.22,8,8.49,2.540
mistral:7b,8,2,0,8.22,10,10.32,2.203
mistral:7b,8,2,1,8.22,10,8.82,2.444
mistral:7b,8,2,2,8.22,10,10.11,2.642
mistral:7b,8,2,3,8.22,10,9.51,2.534
mistral:7b,8,2,4,8.22,10,8.69,2.479
mistral:7b,8,2,5,8.22,10,9.76,2.596
mistral:7b,8,2,6,8.22,10,9.54,2.939
mistral:7b,8,2,0,8.22,12,10.77,2.827
mistral:7b,8,2,1,8.22,12,11.70,3.040
mistral:7b,8,2,2,8.22,12,10.97,2.899
mistral:7b,8,2,3,8.22,12,12.53,3.109
mistral:7b,8,2,4,8.22,12,8.80,2.479
mistral:7b,8,2,5,8.22,12,11.85,2.475
mistral:7b,8,2,6,8.22,12,11.85,3.038
mistral:7b,10,0,0,10.07,0,7.79,1.115
mistral:7b,10,0,1,10.07,0,8.38,1.594
mistral:7b,10,0,2,10.07,0,5.53,1.203
mistral:7b,10,0,3,10.07,0,4.65,0.950
mistral:7b,10,0,4,10.07,0,5.17,2.714
mistral:7b,10,0,5,10.07,0,6.78,3.171
mistral:7b,10,0,6,10.07,0,6.22,2.309
mistral:7b,10,0,0,10.07,2,6.51,1.161
mistral:7b,10,0,1,10.07,2,6.21,1.302
mistral:7b,10,0,2,10.07,2,6.20,3.789
mistral:7b,10,0,3,10.07,2,7.17,2.185
mistral:7b,10,0,4,10.07,2,5.84,3.570
mistral:7b,10,0,5,10.07,2,6.84,1.265
mistral:7b,10,0,6,10.07,2,6.21,2.009
mistral:7b,10,0,0,10.07,4,7.88,3.129
mistral:7b,10,0,1,10.07,4,6.73,1.345
mistral:7b,10,0,2,10.07,4,7.00,1.483
mistral:7b,10,0,3,10.07,4,6.60,4.142
mistral:7b,10,0,4,10.07,4,7.31,3.814
mistral:7b,10,0,5,10.07,4,6.83,3.634
mistral:7b,10,0,6,10.07,4,6.46,2.430
mistral:7b,10,0,0,10.07,6,8.78,1.666
mistral:7b,10,0,1,10.07,6,7.53,2.743
mistral:7b,10,0,2,10.07,6,8.05,2.291
mistral:7b,10,0,3,10.07,6,9.65,3.263
mistral:7b,10,0,4,10.07,6,9.42,4.204
mistral:7b,10,0,5,10.07,6,7.77,1.850
mistral:7b,10,0,6,10.07,6,7.20,3.048
mistral:7b,10,0,0,10.07,8,9.54,4.188
mistral:7b,10,0,1,10.07,8,9.17,4.198
mistral:7b,10,0,2,10.07,8,7.63,2.789
mistral:7b,10,0,3,10.07,8,7.96,1.197
mistral:7b,10,0,4,10.07,8,9.17,3.870
mistral:7b,10,0,5,10.07,8,8.22,1.900
mistral:7b,10,0,6,10.07,8,9.36,4.099
mistral:7b,10,0,0,10.07,10,12.87,1.904
mistral:7b,10,0,1,10.07,10,10.80,4.381
mistral:7b,10,0,2,10.07,10,9.68,3.209
mistral:7b,10,0,3,10.07,10,11.54,3.585
mistral:7b,10,0,4,10.07,10,9.42,4.690
mistral:7b,10,0,5,10.07,10,8.71,2.385
mistral:7b,10,0,6,10.07,10,8.62,4.183
mistral:7b,10,0,0,10.07,12,11.18,3.105
mistral:7b,10,0,1,10.07,12,11.34,4.178
mistral:7b,10,0,2,10.07,12,9.68,4.358
mistral:7b,10,0,3,10.07,12,11.10,4.325
mistral:7b,10,0,4,10.07,12,8.18,4.068
mistral:7b,10,0,5,10.07,12,10.07,3.792
mistral:7b,10,0,6,10.07,12,9.12,4.084
mistral:7b,10,1,0,10.10,0,8.76,1.541
mistral:7b,10,1,1,10.10,0,6.82,4.606
mistral:7b,10,1,2,10.10,0,6.98,2.142
mistral:7b,10,1,3,10.10,0,7.86,1.401
mistral:7b,10,1,4,10.10,0,5.78,4.060
mistral:7b,10,1,5,10.10,0,0.99,1.376
mistral:7b,10,1,6,10.10,0,6.05,2.801
mistral:7b,10,1,0,10.10,2,9.33,5.680
mistral:7b,10,1,1,10.10,2,8.12,4.117
mistral:7b,10,1,2,10.10,2,6.50,1.970
mistral:7b,10,1,3,10.10,2,7.46,2.627
mistral:7b,10,1,4,10.10,2,7.30,4.012
mistral:7b,10,1,5,10.10,2,7.30,3.242
mistral:7b,10,1,6,10.10,2,4.81,1.454
mistral:7b,10,1,0,10.10,4,7.94,1.854
mistral:7b,10,1,1,10.10,4,8.46,2.553
mistral:7b,10,1,2,10.10,4,7.70,3.769
mistral:7b,10,1,3,10.10,4,8.91,2.928
mistral:7b,10,1,4,10.10,4,8.52,5.463
mistral:7b,10,1,5,10.10,4,3.77,2.633
mistral:7b,10,1,6,10.10,4,4.68,2.636
mistral:7b,10,1,0,10.10,6,8.80,7.655
mistral:7b,10,1,1,10.10,6,10.33,3.604
mistral:7b,10,1,2,10.10,6,7.93,4.925
mistral:7b,10,1,3,10.10,6,7.50,2.546
mistral:7b,10,1,4,10.10,6,9.02,8.082
mistral:7b,10,1,5,10.10,6,9.03,5.038
mistral:7b,10,1,6,10.10,6,11.08,1.760
mistral:7b,10,1,0,10.10,8,10.59,2.664
mistral:7b,10,1,1,10.10,8,10.62,4.891
mistral:7b,10,1,2,10.10,8,8.23,2.369
mistral:7b,10,1,3,10.10,8,8.64,4.024
mistral:7b,10,1,4,10.10,8,10.46,3.799
mistral:7b,10,1,5,10.10,8,8.62,2.902
mistral:7b,10,1,6,10.10,8,8.80,5.619
mistral:7b,10,1,0,10.10,10,12.46,4.341
mistral:7b,10,1,1,10.10,10,10.86,3.595
mistral:7b,10,1,2,10.10,10,11.89,5.672
mistral:7b,10,1,3,10.10,10,9.92,1.183
mistral:7b,10,1,4,10.10,10,9.47,6.784
mistral:7b,10,1,5,10.10,10,11.48,6.463
mistral:7b,10,1,6,10.10,10,9.52,4.136
mistral:7b,10,1,0,10.10,12,11.75,3.030
mistral:7b,10,1,1,10.10,12,14.17,3.109
mistral:7b,10,1,2,10.10,12,10.67,7.517
mistral:7b,10,1,3,10.10,12,12.23,7.814
mistral:7b,10,1,4,10.10,12,10.84,7.131
mistral:7b,10,1,5,10.10,12,11.45,7.819
mistral:7b,10,1,6,10.10,12,13.03,7.403
mistral:7b,10,2,0,10.20,0,6.58,1.445
mistral:7b,10,2,1,10.20,0,3.83,0.821
mistral:7b,10,2,2,10.20,0,7.03,1.104
mistral:7b,10,2,3,10.20,0,7.04,1.996
mistral:7b,10,2,4,10.20,0,3.60,1.452
mistral:7b,10,2,5,10.20,0,4.82,0.973
mistral:7b,10,2,6,10.20,0,5.19,1.424
mistral:7b,10,2,0,10.20,2,5.89,1.926
mistral:7b,10,2,1,10.20,2,5.98,1.780
mistral:7b,10,2,2,10.20,2,4.55,1.581
mistral:7b,10,2,3,10.20,2,8.62,1.966
mistral:7b,10,2,4,10.20,2,7.01,1.814
mistral:7b,10,2,5,10.20,2,5.91,1.404
mistral:7b,10,2,6,10.20,2,6.39,1.777
mistral:7b,10,2,0,10.20,4,8.29,2.053
mistral:7b,10,2,1,10.20,4,7.63,2.080
mistral:7b,10,2,2,10.20,4,7.21,1.466
mistral:7b,10,2,3,10.20,4,7.40,2.128
mistral:7b,10,2,4,10.20,4,7.52,2.139
mistral:7b,10,2,5,10.20,4,7.50,2.190
mistral:7b,10,2,6,10.20,4,7.07,1.706
mistral:7b,10,2,0,10.20,6,8.33,2.072
mistral:7b,10,2,1,10.20,6,10.10,1.899
mistral:7b,10,2,2,10.20,6,7.49,1.752
mistral:7b,10,2,3,10.20,6,8.47,2.363
mistral:7b,10,2,4,10.20,6,7.95,1.847
mistral:7b,10,2,5,10.20,6,7.77,1.611
mistral:7b,10,2,6,10.20,6,7.89,1.919
mistral:7b,10,2,0,10.20,8,12.43,1.733
mistral:7b,10,2,1,10.20,8,10.11,2.099
mistral:7b,10,2,2,10.20,8,7.19,1.609
mistral:7b,10,2,3,10.20,8,9.60,2.404
mistral:7b,10,2,4,10.20,8,8.87,1.992
mistral:7b,10,2,5,10.20,8,7.03,1.685
mistral:7b,10,2,6,10.20,8,7.69,2.071
mistral:7b,10,2,0,10.20,10,12.18,2.110
mistral:7b,10,2,1,10.20,10,11.02,1.887
mistral:7b,10,2,2,10.20,10,10.36,1.612
mistral:7b,10,2,3,10.20,10,14.05,2.636
mistral:7b,10,2,4,10.20,10,6.62,1.276
mistral:7b,10,2,5,10.20,10,9.71,2.615
mistral:7b,10,2,6,10.20,10,11.18,2.183
mistral:7b,10,2,0,10.20,12,14.80,2.640
mistral:7b,10,2,1,10.20,12,14.67,3.123
mistral:7b,10,2,2,10.20,12,13.42,2.029
mistral:7b,10,2,3,10.20,12,12.80,2.108
mistral:7b,10,2,4,10.20,12,12.44,2.054
mistral:7b,10,2,5,10.20,12,12.38,5.773
mistral:7b,10,2,6,10.20,12,13.38,3.235
mistral:7b,12,0,0,11.81,0,8.24,3.964
mistral:7b,12,0,1,11.81,0,7.90,1.449
mistral:7b,12,0,2,11.81,0,6.23,4.392
mistral:7b,12,0,3,11.81,0,6.80,1.838
mistral:7b,12,0,4,11.81,0,5.49,1.918
mistral:7b,12,0,5,11.81,0,6.92,1.819
mistral:7b,12,0,6,11.81,0,7.06,3.315
mistral:7b,12,0,0,11.81,2,8.00,4.215
mistral:7b,12,0,1,11.81,2,7.09,2.302
mistral:7b,12,0,2,11.81,2,7.09,3.792
mistral:7b,12,0,3,11.81,2,7.40,3.590
mistral:7b,12,0,4,11.81,2,6.75,4.299
mistral:7b,12,0,5,11.81,2,5.94,3.480
mistral:7b,12,0,6,11.81,2,8.35,1.770
mistral:7b,12,0,0,11.81,4,9.38,4.935
mistral:7b,12,0,1,11.81,4,10.36,6.450
mistral:7b,12,0,2,11.81,4,7.63,2.580
mistral:7b,12,0,3,11.81,4,7.87,3.982
mistral:7b,12,0,4,11.81,4,8.87,2.783
mistral:7b,12,0,5,11.81,4,9.23,5.181
mistral:7b,12,0,6,11.81,4,8.73,4.430
mistral:7b,12,0,0,11.81,6,11.57,4.414
mistral:7b,12,0,1,11.81,6,11.28,2.567
mistral:7b,12,0,2,11.81,6,9.98,5.174
mistral:7b,12,0,3,11.81,6,9.54,5.578
mistral:7b,12,0,4,11.81,6,10.36,4.206
mistral:7b,12,0,5,11.81,6,8.14,2.535
mistral:7b,12,0,6,11.81,6,8.32,3.574
mistral:7b,12,0,0,11.81,8,11.43,5.073
mistral:7b,12,0,1,11.81,8,11.65,5.689
mistral:7b,12,0,2,11.81,8,10.53,4.354
mistral:7b,12,0,3,11.81,8,12.14,4.706
mistral:7b,12,0,4,11.81,8,11.37,6.410
mistral:7b,12,0,5,11.81,8,11.23,5.394
mistral:7b,12,0,6,11.81,8,8.68,3.395
mistral:7b,12,0,0,11.81,10,10.63,6.800
mistral:7b,12,0,1,11.81,10,11.69,5.702
mistral:7b,12,0,2,11.81,10,10.91,5.137
mistral:7b,12,0,3,11.81,10,12.85,5.850
mistral:7b,12,0,4,11.81,10,10.59,4.733
mistral:7b,12,0,5,11.81,10,13.39,7.743
mistral:7b,12,0,6,11.81,10,10.82,2.979
mistral:7b,12,0,0,11.81,12,13.00,6.085
mistral:7b,12,0,1,11.81,12,13.35,6.802
mistral:7b,12,0,2,11.81,12,13.47,6.207
mistral:7b,12,0,3,11.81,12,12.30,4.126
mistral:7b,12,0,4,11.81,12,12.10,6.240
mistral:7b,12,0,5,11.81,12,13.92,10.527
mistral:7b,12,0,6,11.81,12,14.10,6.200
mistral:7b,12,1,0,11.54,0,6.99,4.806
mistral:7b,12,1,1,11.54,0,8.15,5.408
mistral:7b,12,1,2,11.54,0,7.77,3.177
mistral:7b,12,1,3,11.54,0,5.86,2.504
mistral:7b,12,1,4,11.54,0,4.13,3.888
mistral:7b,12,1,5,11.54,0,8.94,3.693
mistral:7b,12,1,6,11.54,0,6.59,2.206
mistral:7b,12,1,0,11.54,2,8.79,4.650
mistral:7b,12,1,1,11.54,2,7.02,1.729
mistral:7b,12,1,2,11.54,2,5.59,2.616
mistral:7b,12,1,3,11.54,2,6.60,3.048
mistral:7b,12,1,4,11.54,2,6.05,3.653
mistral:7b,12,1,5,11.54,2,8.66,3.905
mistral:7b,12,1,6,11.54,2,5.58,2.679
mistral:7b,12,1,0,11.54,4,7.73,4.847
mistral:7b,12,1,1,11.54,4,10.85,3.067
mistral:7b,12,1,2,11.54,4,7.95,3.684
mistral:7b,12,1,3,11.54,4,7.45,5.106
mistral:7b,12,1,4,11.54,4,8.54,4.302
mistral:7b,12,1,5,11.54,4,7.71,5.383
mistral:7b,12,1,6,11.54,4,7.01,2.984
mistral:7b,12,1,0,11.54,6,9.62,4.562
mistral:7b,12,1,1,11.54,6,7.73,3.681
mistral:7b,12,1,2,11.54,6,7.79,5.582
mistral:7b,12,1,3,11.54,6,8.35,3.315
mistral:7b,12,1,4,11.54,6,10.00,5.428
mistral:7b,12,1,5,11.54,6,9.63,5.673
mistral:7b,12,1,6,11.54,6,7.67,3.979
mistral:7b,12,1,0,11.54,8,9.05,4.603
mistral:7b,12,1,1,11.54,8,10.28,5.770
mistral:7b,12,1,2,11.54,8,9.10,3.846
mistral:7b,12,1,3,11.54,8,9.95,3.697
mistral:7b,12,1,4,11.54,8,9.58,4.614
mistral:7b,12,1,5,11.54,8,11.77,3.991
mistral:7b,12,1,6,11.54,8,9.26,5.809
mistral:7b,12,1,0,11.54,10,10.05,5.124
mistral:7b,12,1,1,11.54,10,13.09,4.288
mistral:7b,12,1,2,11.54,10,7.50,2.938
mistral:7b,12,1,3,11.54,10,12.25,5.821
mistral:7b,12,1,4,11.54,10,10.41,3.920
mistral:7b,12,1,5,11.54,10,12.14,5.241
mistral:7b,12,1,6,11.54,10,10.68,5.970
mistral:7b,12,1,0,11.54,12,11.26,4.749
mistral:7b,12,1,1,11.54,12,12.20,6.201
mistral:7b,12,1,2,11.54,12,11.37,5.423
mistral:7b,12,1,3,11.54,12,13.59,5.828
mistral:7b,12,1,4,11.54,12,10.77,4.936
mistral:7b,12,1,5,11.54,12,11.82,7.083
mistral:7b,12,1,6,11.54,12,11.22,5.352
mistral:7b,12,2,0,11.65,0,9.56,2.274
mistral:7b,12,2,1,11.65,0,6.73,2.296
mistral:7b,12,2,2,11.65,0,5.88,2.460
mistral:7b,12,2,3,11.65,0,6.14,1.422
mistral:7b,12,2,4,11.65,0,4.38,1.536
mistral:7b,12,2,5,11.65,0,6.17,2.495
mistral:7b,12,2,6,11.65,0,7.01,2.128
mistral:7b,12,2,0,11.65,2,7.64,2.951
mistral:7b,12,2,1,11.65,2,8.53,2.948
mistral:7b,12,2,2,11.65,2,7.22,3.496
mistral:7b,12,2,3,11.65,2,7.15,2.507
mistral:7b,12,2,4,11.65,2,5.14,1.450
mistral:7b,12,2,5,11.65,2,6.83,3.241
mistral:7b,12,2,6,11.65,2,7.02,2.674
mistral:7b,12,2,0,11.65,4,10.33,2.251
mistral:7b,12,2,1,11.65,4,9.36,3.024
mistral:7b,12,2,2,11.65,4,9.69,3.002
mistral:7b,12,2,3,11.65,4,9.44,3.444
mistral:7b,12,2,4,11.65,4,10.10,3.230
mistral:7b,12,2,5,11.65,4,6.87,3.092
mistral:7b,12,2,6,11.65,4,8.35,3.029
mistral:7b,12,2,0,11.65,6,8.50,3.204
mistral:7b,12,2,1,11.65,6,12.35,3.440
mistral:7b,12,2,2,11.65,6,9.67,3.390
mistral:7b,12,2,3,11.65,6,9.28,3.874
mistral:7b,12,2,4,11.65,6,9.47,2.526
mistral:7b,12,2,5,11.65,6,10.25,3.686
mistral:7b,12,2,6,11.65,6,9.92,3.852
mistral:7b,12,2,0,11.65,8,11.69,3.161
mistral:7b,12,2,1,11.65,8,11.07,3.687
mistral:7b,12,2,2,11.65,8,11.16,3.190
mistral:7b,12,2,3,11.65,8,10.73,3.824
mistral:7b,12,2,4,11.65,8,11.49,3.424
mistral:7b,12,2,5,11.65,8,8.29,2.470
mistral:7b,12,2,6,11.65,8,10.97,3.651
mistral:7b,12,2,0,11.65,10,12.50,3.065
mistral:7b,12,2,1,11.65,10,12.71,3.940
mistral:7b,12,2,2,11.65,10,11.96,3.656
mistral:7b,12,2,3,11.65,10,11.95,3.360
mistral:7b,12,2,4,11.65,10,10.92,3.262
mistral:7b,12,2,5,11.65,10,11.83,3.618
mistral:7b,12,2,6,11.65,10,12.79,3.681
mistral:7b,12,2,0,11.65,12,14.12,3.465
mistral:7b,12,2,1,11.65,12,13.95,3.971
mistral:7b,12,2,2,11.65,12,11.98,3.379
mistral:7b,12,2,3,11.65,12,13.27,4.108
mistral:7b,12,2,4,11.65,12,12.92,3.237
mistral:7b,12,2,5,11.65,12,11.91,3.228
mistral:7b,12,2,6,11.65,12,14.48,4.135
