qwen2.5:0.5b,0,0,0,0.44,0,7.03,0.904
qwen2.5:0.5b,0,0,1,0.44,0,0.07,0.663
qwen2.5:0.5b,0,0,2,0.44,0,0.45,0.628
qwen2.5:0.5b,0,0,3,0.44,0,11.67,0.491
qwen2.5:0.5b,0,0,4,0.44,0,10.57,0.920
qwen2.5:0.5b,0,0,5,0.44,0,2.14,0.597
qwen2.5:0.5b,0,0,6,0.44,0,0.25,0.670
qwen2.5:0.5b,0,0,0,0.44,2,0.75,0.647
qwen2.5:0.5b,0,0,1,0.44,2,4.32,0.817
qwen2.5:0.5b,0,0,2,0.44,2,0.21,0.619
qwen2.5:0.5b,0,0,3,0.44,2,3.03,0.528
qwen2.5:0.5b,0,0,4,0.44,2,8.37,0.909
qwen2.5:0.5b,0,0,5,0.44,2,1.19,0.726
qwen2.5:0.5b,0,0,6,0.44,2,0.58,0.694
qwen2.5:0.5b,0,0,0,0.44,4,1.59,0.579
qwen2.5:0.5b,0,0,1,0.44,4,1.90,0.641
qwen2.5:0.5b,0,0,2,0.44,4,0.85,0.672
qwen2.5:0.5b,0,0,3,0.44,4,5.48,0.529
qwen2.5:0.5b,0,0,4,0.44,4,13.78,0.959
qwen2.5:0.5b,0,0,5,0.44,4,3.85,0.989
qwen2.5:0.5b,0,0,6,0.44,4,6.46,1.198
qwen2.5:0.5b,0,0,0,0.44,6,5.92,0.918
qwen2.5:0.5b,0,0,1,0.44,6,1.04,0.591
qwen2.5:0.5b,0,0,2,0.44,6,1.84,0.753
qwen2.5:0.5b,0,0,3,0.44,6,6.38,0.542
qwen2.5:0.5b,0,0,4,0.44,6,2.02,0.681
qwen2.5:0.5b,0,0,5,0.44,6,5.45,1.100
qwen2.5:0.5b,0,0,6,0.44,6,4.06,0.931
qwen2.5:0.5b,0,0,0,0.44,8,0.73,0.516
qwen2.5:0.5b,0,0,1,0.44,8,3.07,0.609
qwen2.5:0.5b,0,0,2,0.44,8,0.57,0.671
qwen2.5:0.5b,0,0,3,0.44,8,6.12,0.628
qwen2.5:0.5b,0,0,4,0.44,8,7.56,0.904
qwen2.5:0.5b,0,0,5,0.44,8,0.82,0.705
qwen2.5:0.5b,0,0,6,0.44,8,0.07,0.521
qwen2.5:0.5b,0,0,0,0.44,10,0.21,0.599
qwen2.5:0.5b,0,0,1,0.44,10,1.36,0.571
qwen2.5:0.5b,0,0,2,0.44,10,0.21,0.655
qwen2.5:0.5b,0,0,3,0.44,10,4.15,0.602
qwen2.5:0.5b,0,0,4,0.44,10,6.69,0.921
qwen2.5:0.5b,0,0,5,0.44,10,8.30,0.810
qwen2.5:0.5b,0,0,6,0.44,10,4.80,0.806
qwen2.5:0.5b,0,0,0,0.44,12,0.66,0.655
qwen2.5:0.5b,0,0,1,0.44,12,2.86,0.616
qwen2.5:0.5b,0,0,2,0.44,12,2.98,0.511
qwen2.5:0.5b,0,0,3,0.44,12,1.38,0.494
qwen2.5:0.5b,0,0,4,0.44,12,12.63,0.599
qwen2.5:0.5b,0,0,5,0.44,12,11.83,2.314
qwen2.5:0.5b,0,0,6,0.44,12,6.02,0.721
qwen2.5:0.5b,0,1,0,-0.18,0,3.29,0.685
qwen2.5:0.5b,0,1,1,-0.18,0,0.17,0.687
qwen2.5:0.5b,0,1,2,-0.18,0,2.19,0.614
qwen2.5:0.5b,0,1,3,-0.18,0,2.86,0.704
qwen2.5:0.5b,0,1,4,-0.18,0,9.81,0.757
qwen2.5:0.5b,0,1,5,-0.18,0,3.26,0.690
qwen2.5:0.5b,0,1,6,-0.18,0,0.06,0.609
qwen2.5:0.5b,0,1,0,-0.18,2,2.69,0.805
qwen2.5:0.5b,0,1,1,-0.18,2,1.57,0.737
qwen2.5:0.5b,0,1,2,-0.18,2,0.05,0.701
qwen2.5:0.5b,0,1,3,-0.18,2,3.64,0.560
qwen2.5:0.5b,0,1,4,-0.18,2,7.38,0.995
qwen2.5:0.5b,0,1,5,-0.18,2,2.87,0.782
qwen2.5:0.5b,0,1,6,-0.18,2,2.16,0.863
qwen2.5:0.5b,0,1,0,-0.18,4,-0.19,0.718
qwen2.5:0.5b,0,1,1,-0.18,4,-0.10,0.725
qwen2.5:0.5b,0,1,2,-0.18,4,0.15,0.658
qwen2.5:0.5b,0,1,3,-0.18,4,3.23,0.647
qwen2.5:0.5b,0,1,4,-0.18,4,12.32,0.799
qwen2.5:0.5b,0,1,5,-0.18,4,0.63,0.605
qwen2.5:0.5b,0,1,6,-0.18,4,2.02,0.684
qwen2.5:0.5b,0,1,0,-0.18,6,-0.29,0.721
qwen2.5:0.5b,0,1,1,-0.18,6,1.40,0.719
qwen2.5:0.5b,0,1,2,-0.18,6,-0.20,0.723
qwen2.5:0.5b,0,1,3,-0.18,6,2.30,0.581
qwen2.5:0.5b,0,1,4,-0.18,6,10.84,0.755
qwen2.5:0.5b,0,1,5,-0.18,6,6.32,1.346
qwen2.5:0.5b,0,1,6,-0.18,6,2.92,0.764
qwen2.5:0.5b,0,1,0,-0.18,8,0.46,0.754
qwen2.5:0.5b,0,1,1,-0.18,8,1.62,0.695
qwen2.5:0.5b,0,1,2,-0.18,8,0.72,0.619
qwen2.5:0.5b,0,1,3,-0.18,8,2.16,0.636
qwen2.5:0.5b,0,1,4,-0.18,8,9.24,0.623
qwen2.5:0.5b,0,1,5,-0.18,8,0.83,0.665
qwen2.5:0.5b,0,1,6,-0.18,8,-0.18,0.739
qwen2.5:0.5b,0,1,0,-0.18,10,-0.10,0.719
qwen2.5:0.5b,0,1,1,-0.18,10,1.28,0.664
qwen2.5:0.5b,0,1,2,-0.18,10,0.55,0.696
qwen2.5:0.5b,0,1,3,-0.18,10,6.75,0.729
qwen2.5:0.5b,0,1,4,-0.18,10,6.62,0.679
qwen2.5:0.5b,0,1,5,-0.18,10,-0.12,0.723
qwen2.5:0.5b,0,1,6,-0.18,10,1.46,0.645
qwen2.5:0.5b,0,1,0,-0.18,12,-0.18,0.706
qwen2.5:0.5b,0,1,1,-0.18,12,0.18,0.684
qwen2.5:0.5b,0,1,2,-0.18,12,-0.15,0.720
qwen2.5:0.5b,0,1,3,-0.18,12,3.00,0.664
qwen2.5:0.5b,0,1,4,-0.18,12,6.66,0.767
qwen2.5:0.5b,0,1,5,-0.18,12,11.60,1.388
qwen2.5:0.5b,0,1,6,-0.18,12,0.28,0.727
qwen2.5:0.5b,0,2,0,0.33,0,5.31,0.739
qwen2.5:0.5b,0,2,1,0.33,0,6.59,0.748
qwen2.5:0.5b,0,2,2,0.33,0,4.19,0.675
qwen2.5:0.5b,0,2,3,0.33,0,6.36,0.540
qwen2.5:0.5b,0,2,4,0.33,0,9.84,1.133
qwen2.5:0.5b,0,2,5,0.33,0,2.41,0.655
qwen2.5:0.5b,0,2,6,0.33,0,1.92,0.647
qwen2.5:0.5b,0,2,0,0.33,2,6.73,0.765
qwen2.5:0.5b,0,2,1,0.33,2,4.74,0.883
qwen2.5:0.5b,0,2,2,0.33,2,4.25,0.623
qwen2.5:0.5b,0,2,3,0.33,2,4.10,0.624
qwen2.5:0.5b,0,2,4,0.33,2,10.26,1.279
qwen2.5:0.5b,0,2,5,0.33,2,0.54,0.758
qwen2.5:0.5b,0,2,6,0.33,2,7.73,0.627
qwen2.5:0.5b,0,2,0,0.33,4,3.77,0.662
qwen2.5:0.5b,0,2,1,0.33,4,1.83,0.665
qwen2.5:0.5b,0,2,2,0.33,4,4.75,0.607
qwen2.5:0.5b,0,2,3,0.33,4,4.52,0.619
qwen2.5:0.5b,0,2,4,0.33,4,8.35,0.577
qwen2.5:0.5b,0,2,5,0.33,4,3.57,0.903
qwen2.5:0.5b,0,2,6,0.33,4,6.02,0.610
qwen2.5:0.5b,0,2,0,0.33,6,6.60,0.714
qwen2.5:0.5b,0,2,1,0.33,6,6.18,0.731
qwen2.5:0.5b,0,2,2,0.33,6,6.09,0.706
qwen2.5:0.5b,0,2,3,0.33,6,5.50,0.598
qwen2.5:0.5b,0,2,4,0.33,6,12.12,1.511
qwen2.5:0.5b,0,2,5,0.33,6,5.98,0.722
qwen2.5:0.5b,0,2,6,0.33,6,5.61,0.552
qwen2.5:0.5b,0,2,0,0.33,8,5.26,0.619
qwen2.5:0.5b,0,2,1,0.33,8,4.59,0.667
qwen2.5:0.5b,0,2,2,0.33,8,5.59,0.673
qwen2.5:0.5b,0,2,3,0.33,8,4.81,0.568
qwen2.5:0.5b,0,2,4,0.33,8,12.65,0.561
qwen2.5:0.5b,0,2,5,0.33,8,3.02,0.713
qwen2.5:0.5b,0,2,6,0.33,8,3.73,0.649
qwen2.5:0.5b,0,2,0,0.33,10,4.59,0.687
qwen2.5:0.5b,0,2,1,0.33,10,5.38,0.754
qwen2.5:0.5b,0,2,2,0.33,10,4.59,0.725
qwen2.5:0.5b,0,2,3,0.33,10,6.93,0.583
qwen2.5:0.5b,0,2,4,0.33,10,10.02,1.099
qwen2.5:0.5b,0,2,5,0.33,10,4.73,0.621
qwen2.5:0.5b,0,2,6,0.33,10,2.37,0.578
qwen2.5:0.5b,0,2,0,0.33,12,10.56,1.113
qwen2.5:0.5b,0,2,1,0.33,12,7.79,0.754
qwen2.5:0.5b,0,2,2,0.33,12,7.15,0.713
qwen2.5:0.5b,0,2,3,0.33,12,3.84,0.576
qwen2.5:0.5b,0,2,4,0.33,12,6.16,1.098
qwen2.5:0.5b,0,2,5,0.33,12,12.69,1.017
qwen2.5:0.5b,0,2,6,0.33,12,10.84,0.645
qwen2.5:0.5b,2,0,0,1.99,0,2.74,0.756
qwen2.5:0.5b,2,0,1,1.99,0,4.50,0.825
qwen2.5:0.5b,2,0,2,1.99,0,4.53,0.645
qwen2.5:0.5b,2,0,3,1.99,0,6.78,0.555
qwen2.5:0.5b,2,0,4,1.99,0,11.77,1.145
qwen2.5:0.5b,2,0,5,1.99,0,2.31,0.735
qwen2.5:0.5b,2,0,6,1.99,0,1.99,0.710
qwen2.5:0.5b,2,0,0,1.99,2,4.56,0.821
qwen2.5:0.5b,2,0,1,1.99,2,5.15,0.733
qwen2.5:0.5b,2,0,2,1.99,2,1.99,0.748
qwen2.5:0.5b,2,0,3,1.99,2,3.82,0.676
qwen2.5:0.5b,2,0,4,1.99,2,5.42,1.044
qwen2.5:0.5b,2,0,5,1.99,2,4.05,0.517
qwen2.5:0.5b,2,0,6,1.99,2,2.54,0.641
qwen2.5:0.5b,2,0,0,1.99,4,1.99,0.707
qwen2.5:0.5b,2,0,1,1.99,4,2.32,0.699
qwen2.5:0.5b,2,0,2,1.99,4,2.01,0.706
qwen2.5:0.5b,2,0,3,1.99,4,4.02,0.638
qwen2.5:0.5b,2,0,4,1.99,4,11.08,1.021
qwen2.5:0.5b,2,0,5,1.99,4,6.90,1.536
qwen2.5:0.5b,2,0,6,1.99,4,2.06,0.694
qwen2.5:0.5b,2,0,0,1.99,6,2.63,0.763
qwen2.5:0.5b,2,0,1,1.99,6,5.08,0.792
qwen2.5:0.5b,2,0,2,1.99,6,2.74,0.624
qwen2.5:0.5b,2,0,3,1.99,6,5.01,0.559
qwen2.5:0.5b,2,0,4,1.99,6,8.15,0.816
qwen2.5:0.5b,2,0,5,1.99,6,4.81,0.785
qwen2.5:0.5b,2,0,6,1.99,6,7.57,0.776
qwen2.5:0.5b,2,0,0,1.99,8,4.14,0.745
qwen2.5:0.5b,2,0,1,1.99,8,1.99,0.746
qwen2.5:0.5b,2,0,2,1.99,8,2.52,0.693
qwen2.5:0.5b,2,0,3,1.99,8,4.80,0.473
qwen2.5:0.5b,2,0,4,1.99,8,7.34,0.886
qwen2.5:0.5b,2,0,5,1.99,8,8.81,0.753
qwen2.5:0.5b,2,0,6,1.99,8,3.94,0.510
qwen2.5:0.5b,2,0,0,1.99,10,2.68,0.687
qwen2.5:0.5b,2,0,1,1.99,10,3.04,0.726
qwen2.5:0.5b,2,0,2,1.99,10,2.13,0.725
qwen2.5:0.5b,2,0,3,1.99,10,5.61,0.695
qwen2.5:0.5b,2,0,4,1.99,10,6.99,0.701
qwen2.5:0.5b,2,0,5,1.99,10,9.52,0.884
qwen2.5:0.5b,2,0,6,1.99,10,1.99,0.745
qwen2.5:0.5b,2,0,0,1.99,12,1.99,0.750
qwen2.5:0.5b,2,0,1,1.99,12,5.60,0.792
qwen2.5:0.5b,2,0,2,1.99,12,4.10,0.572
qwen2.5:0.5b,2,0,3,1.99,12,4.09,0.583
qwen2.5:0.5b,2,0,4,1.99,12,7.42,0.792
qwen2.5:0.5b,2,0,5,1.99,12,12.31,1496.124
qwen2.5:0.5b,2,0,6,1.99,12,6.62,1.162
qwen2.5:0.5b,2,1,0,2.17,0,3.00,0.447
qwen2.5:0.5b,2,1,1,2.17,0,1.97,0.745
qwen2.5:0.5b,2,1,2,2.17,0,1.97,0.753
qwen2.5:0.5b,2,1,3,2.17,0,4.24,0.455
qwen2.5:0.5b,2,1,4,2.17,0,8.01,0.433
qwen2.5:0.5b,2,1,5,2.17,0,3.84,0.407
qwen2.5:0.5b,2,1,6,2.17,0,1.24,0.463
qwen2.5:0.5b,2,1,0,2.17,2,2.97,0.705
qwen2.5:0.5b,2,1,1,2.17,2,1.97,0.759
qwen2.5:0.5b,2,1,2,2.17,2,2.93,0.802
qwen2.5:0.5b,2,1,3,2.17,2,5.62,0.452
qwen2.5:0.5b,2,1,4,2.17,2,12.10,0.487
qwen2.5:0.5b,2,1,5,2.17,2,3.95,0.547
qwen2.5:0.5b,2,1,6,2.17,2,3.38,0.768
qwen2.5:0.5b,2,1,0,2.17,4,3.75,0.494
qwen2.5:0.5b,2,1,1,2.17,4,4.85,0.571
qwen2.5:0.5b,2,1,2,2.17,4,1.83,0.671
qwen2.5:0.5b,2,1,3,2.17,4,4.82,0.455
qwen2.5:0.5b,2,1,4,2.17,4,8.89,1.075
qwen2.5:0.5b,2,1,5,2.17,4,4.05,0.995
qwen2.5:0.5b,2,1,6,2.17,4,2.73,0.777
qwen2.5:0.5b,2,1,0,2.17,6,2.40,0.726
qwen2.5:0.5b,2,1,1,2.17,6,4.80,0.460
qwen2.5:0.5b,2,1,2,2.17,6,1.97,0.711
qwen2.5:0.5b,2,1,3,2.17,6,5.07,1.003
qwen2.5:0.5b,2,1,4,2.17,6,11.61,0.508
qwen2.5:0.5b,2,1,5,2.17,6,4.17,0.639
qwen2.5:0.5b,2,1,6,2.17,6,2.43,0.599
qwen2.5:0.5b,2,1,0,2.17,8,2.28,0.418
qwen2.5:0.5b,2,1,1,2.17,8,4.00,0.410
qwen2.5:0.5b,2,1,2,2.17,8,2.48,0.682
qwen2.5:0.5b,2,1,3,2.17,8,5.33,0.470
qwen2.5:0.5b,2,1,4,2.17,8,5.09,0.673
qwen2.5:0.5b,2,1,5,2.17,8,3.78,0.558
qwen2.5:0.5b,2,1,6,2.17,8,1.95,0.730
qwen2.5:0.5b,2,1,0,2.17,10,2.67,0.572
qwen2.5:0.5b,2,1,1,2.17,10,-0.42,0.458
qwen2.5:0.5b,2,1,2,2.17,10,1.81,0.702
qwen2.5:0.5b,2,1,3,2.17,10,6.71,0.438
qwen2.5:0.5b,2,1,4,2.17,10,5.64,0.479
qwen2.5:0.5b,2,1,5,2.17,10,3.15,0.532
qwen2.5:0.5b,2,1,6,2.17,10,0.94,0.510
qwen2.5:0.5b,2,1,0,2.17,12,6.18,0.555
qwen2.5:0.5b,2,1,1,2.17,12,2.00,0.719
qwen2.5:0.5b,2,1,2,2.17,12,2.40,0.729
qwen2.5:0.5b,2,1,3,2.17,12,7.97,0.493
qwen2.5:0.5b,2,1,4,2.17,12,12.39,1.017
qwen2.5:0.5b,2,1,5,2.17,12,9.54,0.908
qwen2.5:0.5b,2,1,6,2.17,12,2.40,0.757
qwen2.5:0.5b,2,2,0,1.96,0,3.88,0.561
qwen2.5:0.5b,2,2,1,1.96,0,2.24,0.689
qwen2.5:0.5b,2,2,2,1.96,0,3.03,0.497
qwen2.5:0.5b,2,2,3,1.96,0,9.66,0.422
qwen2.5:0.5b,2,2,4,1.96,0,10.58,0.488
qwen2.5:0.5b,2,2,5,1.96,0,2.41,0.746
qwen2.5:0.5b,2,2,6,1.96,0,2.24,0.665
qwen2.5:0.5b,2,2,0,1.96,2,4.97,0.580
qwen2.5:0.5b,2,2,1,1.96,2,1.97,0.659
qwen2.5:0.5b,2,2,2,1.96,2,3.17,0.777
qwen2.5:0.5b,2,2,3,1.96,2,8.96,0.616
qwen2.5:0.5b,2,2,4,1.96,2,10.60,0.855
qwen2.5:0.5b,2,2,5,1.96,2,3.02,0.436
qwen2.5:0.5b,2,2,6,1.96,2,3.07,0.702
qwen2.5:0.5b,2,2,0,1.96,4,1.88,0.463
qwen2.5:0.5b,2,2,1,1.96,4,4.34,0.569
qwen2.5:0.5b,2,2,2,1.96,4,4.13,0.833
qwen2.5:0.5b,2,2,3,1.96,4,8.34,0.617
qwen2.5:0.5b,2,2,4,1.96,4,11.78,1.336
qwen2.5:0.5b,2,2,5,1.96,4,3.83,0.982
qwen2.5:0.5b,2,2,6,1.96,4,3.22,0.546
qwen2.5:0.5b,2,2,0,1.96,6,6.25,0.532
qwen2.5:0.5b,2,2,1,1.96,6,4.91,1.066
qwen2.5:0.5b,2,2,2,1.96,6,1.73,0.678
qwen2.5:0.5b,2,2,3,1.96,6,2.52,0.524
qwen2.5:0.5b,2,2,4,1.96,6,10.00,0.940
qwen2.5:0.5b,2,2,5,1.96,6,8.13,1.041
qwen2.5:0.5b,2,2,6,1.96,6,8.41,0.636
qwen2.5:0.5b,2,2,0,1.96,8,2.15,0.695
qwen2.5:0.5b,2,2,1,1.96,8,4.29,0.539
qwen2.5:0.5b,2,2,2,1.96,8,2.40,0.723
qwen2.5:0.5b,2,2,3,1.96,8,7.77,0.516
qwen2.5:0.5b,2,2,4,1.96,8,13.26,1.124
qwen2.5:0.5b,2,2,5,1.96,8,7.98,1.286
qwen2.5:0.5b,2,2,6,1.96,8,2.10,0.694
qwen2.5:0.5b,2,2,0,1.96,10,2.25,0.748
qwen2.5:0.5b,2,2,1,1.96,10,10.71,0.537
qwen2.5:0.5b,2,2,2,1.96,10,7.69,0.485
qwen2.5:0.5b,2,2,3,1.96,10,5.92,0.572
qwen2.5:0.5b,2,2,4,1.96,10,3.42,1.798
qwen2.5:0.5b,2,2,5,1.96,10,17.10,1.214
qwen2.5:0.5b,2,2,6,1.96,10,2.85,0.524
qwen2.5:0.5b,2,2,0,1.96,12,2.88,0.685
qwen2.5:0.5b,2,2,1,1.96,12,3.62,0.842
qwen2.5:0.5b,2,2,2,1.96,12,1.68,0.639
qwen2.5:0.5b,2,2,3,1.96,12,9.60,0.607
qwen2.5:0.5b,2,2,4,1.96,12,12.03,0.771
qwen2.5:0.5b,2,2,5,1.96,12,11.90,2.356
qwen2.5:0.5b,2,2,6,1.96,12,3.49,0.642
qwen2.5:0.5b,4,0,0,3.85,0,3.83,0.939
qwen2.5:0.5b,4,0,1,3.85,0,3.83,0.891
qwen2.5:0.5b,4,0,2,3.85,0,3.77,0.930
qwen2.5:0.5b,4,0,3,3.85,0,3.14,1.120
qwen2.5:0.5b,4,0,4,3.85,0,7.17,0.929
qwen2.5:0.5b,4,0,5,3.85,0,3.61,0.977
qwen2.5:0.5b,4,0,6,3.85,0,3.82,0.915
qwen2.5:0.5b,4,0,0,3.85,2,3.42,0.897
qwen2.5:0.5b,4,0,1,3.85,2,3.80,0.948
qwen2.5:0.5b,4,0,2,3.85,2,3.66,0.957
qwen2.5:0.5b,4,0,3,3.85,2,3.65,0.426
qwen2.5:0.5b,4,0,4,3.85,2,7.23,0.775
qwen2.5:0.5b,4,0,5,3.85,2,3.65,1.011
qwen2.5:0.5b,4,0,6,3.85,2,3.75,0.919
qwen2.5:0.5b,4,0,0,3.85,4,3.75,0.892
qwen2.5:0.5b,4,0,1,3.85,4,3.91,0.970
qwen2.5:0.5b,4,0,2,3.85,4,4.55,0.883
qwen2.5:0.5b,4,0,3,3.85,4,3.72,0.932
qwen2.5:0.5b,4,0,4,3.85,4,5.44,0.729
qwen2.5:0.5b,4,0,5,3.85,4,3.82,0.956
qwen2.5:0.5b,4,0,6,3.85,4,3.75,0.965
qwen2.5:0.5b,4,0,0,3.85,6,4.06,0.940
qwen2.5:0.5b,4,0,1,3.85,6,3.83,0.888
qwen2.5:0.5b,4,0,2,3.85,6,3.83,0.936
qwen2.5:0.5b,4,0,3,3.85,6,4.20,0.448
qwen2.5:0.5b,4,0,4,3.85,6,6.08,0.933
qwen2.5:0.5b,4,0,5,3.85,6,4.67,0.942
qwen2.5:0.5b,4,0,6,3.85,6,3.83,0.918
qwen2.5:0.5b,4,0,0,3.85,8,3.82,0.951
qwen2.5:0.5b,4,0,1,3.85,8,3.77,0.964
qwen2.5:0.5b,4,0,2,3.85,8,3.75,0.933
qwen2.5:0.5b,4,0,3,3.85,8,3.74,0.907
qwen2.5:0.5b,4,0,4,3.85,8,6.72,0.926
qwen2.5:0.5b,4,0,5,3.85,8,3.53,0.941
qwen2.5:0.5b,4,0,6,3.85,8,3.83,0.941
qwen2.5:0.5b,4,0,0,3.85,10,3.75,0.936
qwen2.5:0.5b,4,0,1,3.85,10,3.75,0.906
qwen2.5:0.5b,4,0,2,3.85,10,3.83,0.928
qwen2.5:0.5b,4,0,3,3.85,10,5.78,1.049
qwen2.5:0.5b,4,0,4,3.85,10,6.93,0.784
qwen2.5:0.5b,4,0,5,3.85,10,6.47,0.907
qwen2.5:0.5b,4,0,6,3.85,10,3.77,0.895
qwen2.5:0.5b,4,0,0,3.85,12,4.24,0.847
qwen2.5:0.5b,4,0,1,3.85,12,4.00,1.465
qwen2.5:0.5b,4,0,2,3.85,12,3.75,0.950
qwen2.5:0.5b,4,0,3,3.85,12,4.12,0.988
qwen2.5:0.5b,4,0,4,3.85,12,5.32,0.632
qwen2.5:0.5b,4,0,5,3.85,12,3.19,0.855
qwen2.5:0.5b,4,0,6,3.85,12,3.56,0.955
qwen2.5:0.5b,4,1,0,3.69,0,4.33,1.051
qwen2.5:0.5b,4,1,1,3.69,0,3.81,1.416
qwen2.5:0.5b,4,1,2,3.69,0,7.27,1.318
qwen2.5:0.5b,4,1,3,3.69,0,9.32,0.476
qwen2.5:0.5b,4,1,4,3.69,0,9.86,0.895
qwen2.5:0.5b,4,1,5,3.69,0,3.97,1.272
qwen2.5:0.5b,4,1,6,3.69,0,5.73,0.965
qwen2.5:0.5b,4,1,0,3.69,2,3.82,1.322
qwen2.5:0.5b,4,1,1,3.69,2,3.69,1.296
qwen2.5:0.5b,4,1,2,3.69,2,4.57,1.053
qwen2.5:0.5b,4,1,3,3.69,2,3.76,0.447
qwen2.5:0.5b,4,1,4,3.69,2,8.54,1.354
qwen2.5:0.5b,4,1,5,3.69,2,1.99,0.743
qwen2.5:0.5b,4,1,6,3.69,2,8.25,1.066
qwen2.5:0.5b,4,1,0,3.69,4,3.50,1.071
qwen2.5:0.5b,4,1,1,3.69,4,4.22,1.342
qwen2.5:0.5b,4,1,2,3.69,4,7.55,0.562
qwen2.5:0.5b,4,1,3,3.69,4,10.65,0.550
qwen2.5:0.5b,4,1,4,3.69,4,11.09,1.166
qwen2.5:0.5b,4,1,5,3.69,4,6.13,0.974
qwen2.5:0.5b,4,1,6,3.69,4,3.69,1.330
qwen2.5:0.5b,4,1,0,3.69,6,3.85,1.086
qwen2.5:0.5b,4,1,1,3.69,6,5.21,1.000
qwen2.5:0.5b,4,1,2,3.69,6,3.44,1.289
qwen2.5:0.5b,4,1,3,3.69,6,5.81,0.447
qwen2.5:0.5b,4,1,4,3.69,6,12.47,0.737
qwen2.5:0.5b,4,1,5,3.69,6,6.62,2.827
qwen2.5:0.5b,4,1,6,3.69,6,4.72,1.232
qwen2.5:0.5b,4,1,0,3.69,8,3.46,1.187
qwen2.5:0.5b,4,1,1,3.69,8,3.69,1.334
qwen2.5:0.5b,4,1,2,3.69,8,5.31,0.855
qwen2.5:0.5b,4,1,3,3.69,8,4.38,0.653
qwen2.5:0.5b,4,1,4,3.69,8,11.53,1.321
qwen2.5:0.5b,4,1,5,3.69,8,8.31,0.986
qwen2.5:0.5b,4,1,6,3.69,8,4.78,1.496
qwen2.5:0.5b,4,1,0,3.69,10,3.95,1.010
qwen2.5:0.5b,4,1,1,3.69,10,4.02,1.040
qwen2.5:0.5b,4,1,2,3.69,10,2.99,1.009
qwen2.5:0.5b,4,1,3,3.69,10,5.77,0.505
qwen2.5:0.5b,4,1,4,3.69,10,10.36,1.170
qwen2.5:0.5b,4,1,5,3.69,10,10.53,1.077
qwen2.5:0.5b,4,1,6,3.69,10,4.85,1.244
qwen2.5:0.5b,4,1,0,3.69,12,3.94,1.098
qwen2.5:0.5b,4,1,1,3.69,12,10.50,0.578
qwen2.5:0.5b,4,1,2,3.69,12,3.32,1.125
qwen2.5:0.5b,4,1,3,3.69,12,6.31,0.468
qwen2.5:0.5b,4,1,4,3.69,12,4.93,1.314
qwen2.5:0.5b,4,1,5,3.69,12,9.86,2.852
qwen2.5:0.5b,4,1,6,3.69,12,3.36,0.839
qwen2.5:0.5b,4,2,0,3.82,0,5.91,1.155
qwen2.5:0.5b,4,2,1,3.82,0,4.10,1.362
qwen2.5:0.5b,4,2,2,3.82,0,3.82,1.393
qwen2.5:0.5b,4,2,3,3.82,0,7.09,1.052
qwen2.5:0.5b,4,2,4,3.82,0,8.26,0.660
qwen2.5:0.5b,4,2,5,3.82,0,2.31,0.433
qwen2.5:0.5b,4,2,6,3.82,0,3.83,0.997
qwen2.5:0.5b,4,2,0,3.82,2,4.54,1.195
qwen2.5:0.5b,4,2,1,3.82,2,3.82,1.384
qwen2.5:0.5b,4,2,2,3.82,2,3.82,1.366
qwen2.5:0.5b,4,2,3,3.82,2,9.48,0.972
qwen2.5:0.5b,4,2,4,3.82,2,11.91,1.083
qwen2.5:0.5b,4,2,5,3.82,2,5.33,1.198
qwen2.5:0.5b,4,2,6,3.82,2,5.38,1.784
qwen2.5:0.5b,4,2,0,3.82,4,3.82,1.377
qwen2.5:0.5b,4,2,1,3.82,4,5.62,1.278
qwen2.5:0.5b,4,2,2,3.82,4,3.82,1.394
qwen2.5:0.5b,4,2,3,3.82,4,5.67,1.320
qwen2.5:0.5b,4,2,4,3.82,4,10.19,0.919
qwen2.5:0.5b,4,2,5,3.82,4,3.05,0.673
qwen2.5:0.5b,4,2,6,3.82,4,3.82,1.351
qwen2.5:0.5b,4,2,0,3.82,6,3.96,1.240
qwen2.5:0.5b,4,2,1,3.82,6,4.81,1.234
qwen2.5:0.5b,4,2,2,3.82,6,3.82,1.394
qwen2.5:0.5b,4,2,3,3.82,6,5.54,0.762
qwen2.5:0.5b,4,2,4,3.82,6,9.21,1.434
qwen2.5:0.5b,4,2,5,3.82,6,6.81,1.320
qwen2.5:0.5b,4,2,6,3.82,6,3.76,1.408
qwen2.5:0.5b,4,2,0,3.82,8,4.44,1.249
qwen2.5:0.5b,4,2,1,3.82,8,3.82,1.391
qwen2.5:0.5b,4,2,2,3.82,8,4.44,1.465
qwen2.5:0.5b,4,2,3,3.82,8,7.24,0.553
qwen2.5:0.5b,4,2,4,3.82,8,6.12,1.137
qwen2.5:0.5b,4,2,5,3.82,8,4.62,0.951
qwen2.5:0.5b,4,2,6,3.82,8,6.25,1.380
qwen2.5:0.5b,4,2,0,3.82,10,3.82,1.381
qwen2.5:0.5b,4,2,1,3.82,10,4.01,1.390
qwen2.5:0.5b,4,2,2,3.82,10,5.70,1.534
qwen2.5:0.5b,4,2,3,3.82,10,5.18,0.841
qwen2.5:0.5b,4,2,4,3.82,10,10.63,0.972
qwen2.5:0.5b,4,2,5,3.82,10,10.88,1.477
qwen2.5:0.5b,4,2,6,3.82,10,3.78,2.108
qwen2.5:0.5b,4,2,0,3.82,12,5.37,2.161
qwen2.5:0.5b,4,2,1,3.82,12,4.22,1.513
qwen2.5:0.5b,4,2,2,3.82,12,8.35,1.261
qwen2.5:0.5b,4,2,3,3.82,12,6.49,0.587
qwen2.5:0.5b,4,2,4,3.82,12,12.18,1.668
qwen2.5:0.5b,4,2,5,3.82,12,12.43,1.094
qwen2.5:0.5b,4,2,6,3.82,12,4.30,1.223
qwen2.5:0.5b,6,0,0,6.18,0,9.55,1.441
qwen2.5:0.5b,6,0,1,6.18,0,7.81,1.413
qwen2.5:0.5b,6,0,2,6.18,0,9.25,0.869
qwen2.5:0.5b,6,0,3,6.18,0,10.03,0.806
qwen2.5:0.5b,6,0,4,6.18,0,10.45,1.275
qwen2.5:0.5b,6,0,5,6.18,0,5.43,1.906
qwen2.5:0.5b,6,0,6,6.18,0,8.30,1.175
qwen2.5:0.5b,6,0,0,6.18,2,6.95,1.191
qwen2.5:0.5b,6,0,1,6.18,2,10.71,1.236
qwen2.5:0.5b,6,0,2,6.18,2,8.05,17.071
qwen2.5:0.5b,6,0,3,6.18,2,8.49,1.067
qwen2.5:0.5b,6,0,4,6.18,2,11.10,1.144
qwen2.5:0.5b,6,0,5,6.18,2,8.52,1.421
qwen2.5:0.5b,6,0,6,6.18,2,7.38,1.813
qwen2.5:0.5b,6,0,0,6.18,4,6.18,1.244
qwen2.5:0.5b,6,0,1,6.18,4,6.22,1.357
qwen2.5:0.5b,6,0,2,6.18,4,7.61,1.180
qwen2.5:0.5b,6,0,3,6.18,4,7.66,1.181
qwen2.5:0.5b,6,0,4,6.18,4,14.71,1.354
qwen2.5:0.5b,6,0,5,6.18,4,4.76,0.879
qwen2.5:0.5b,6,0,6,6.18,4,7.19,2.071
qwen2.5:0.5b,6,0,0,6.18,6,9.28,1.403
qwen2.5:0.5b,6,0,1,6.18,6,6.58,1.204
qwen2.5:0.5b,6,0,2,6.18,6,6.08,1.302
qwen2.5:0.5b,6,0,3,6.18,6,7.22,0.919
qwen2.5:0.5b,6,0,4,6.18,6,14.07,1.381
qwen2.5:0.5b,6,0,5,6.18,6,7.18,1.092
qwen2.5:0.5b,6,0,6,6.18,6,7.77,1.163
qwen2.5:0.5b,6,0,0,6.18,8,13.16,1.196
qwen2.5:0.5b,6,0,1,6.18,8,6.62,1.343
qwen2.5:0.5b,6,0,2,6.18,8,6.32,1.335
qwen2.5:0.5b,6,0,3,6.18,8,12.62,0.714
qwen2.5:0.5b,6,0,4,6.18,8,11.94,1.002
qwen2.5:0.5b,6,0,5,6.18,8,7.68,1.138
qwen2.5:0.5b,6,0,6,6.18,8,9.98,1.504
qwen2.5:0.5b,6,0,0,6.18,10,7.36,1.834
qwen2.5:0.5b,6,0,1,6.18,10,12.10,1.605
qwen2.5:0.5b,6,0,2,6.18,10,8.83,1.098
qwen2.5:0.5b,6,0,3,6.18,10,12.21,0.646
qwen2.5:0.5b,6,0,4,6.18,10,11.22,1.375
qwen2.5:0.5b,6,0,5,6.18,10,7.57,0.952
qwen2.5:0.5b,6,0,6,6.18,10,9.47,1.364
qwen2.5:0.5b,6,0,0,6.18,12,9.98,1.288
qwen2.5:0.5b,6,0,1,6.18,12,7.46,1.393
qwen2.5:0.5b,6,0,2,6.18,12,5.97,1.353
qwen2.5:0.5b,6,0,3,6.18,12,11.31,0.800
qwen2.5:0.5b,6,0,4,6.18,12,11.37,1.467
qwen2.5:0.5b,6,0,5,6.18,12,11.93,2.389
qwen2.5:0.5b,6,0,6,6.18,12,6.89,1.094
qwen2.5:0.5b,6,1,0,5.79,0,6.29,0.987
qwen2.5:0.5b,6,1,1,5.79,0,5.78,1.075
qwen2.5:0.5b,6,1,2,5.79,0,5.99,1.152
qwen2.5:0.5b,6,1,3,5.79,0,8.80,0.667
qwen2.5:0.5b,6,1,4,5.79,0,15.26,0.582
qwen2.5:0.5b,6,1,5,5.79,0,5.40,0.899
qwen2.5:0.5b,6,1,6,5.79,0,5.35,0.837
qwen2.5:0.5b,6,1,0,5.79,2,6.37,1.132
qwen2.5:0.5b,6,1,1,5.79,2,5.96,1.011
qwen2.5:0.5b,6,1,2,5.79,2,5.79,1.082
qwen2.5:0.5b,6,1,3,5.79,2,10.91,0.504
qwen2.5:0.5b,6,1,4,5.79,2,6.69,1.336
qwen2.5:0.5b,6,1,5,5.79,2,6.72,0.841
qwen2.5:0.5b,6,1,6,5.79,2,5.21,0.907
qwen2.5:0.5b,6,1,0,5.79,4,5.79,1.055
qwen2.5:0.5b,6,1,1,5.79,4,5.79,1.052
qwen2.5:0.5b,6,1,2,5.79,4,6.90,0.995
qwen2.5:0.5b,6,1,3,5.79,4,5.91,1.084
qwen2.5:0.5b,6,1,4,5.79,4,2.76,0.456
qwen2.5:0.5b,6,1,5,5.79,4,6.67,0.915
qwen2.5:0.5b,6,1,6,5.79,4,5.12,0.877
qwen2.5:0.5b,6,1,0,5.79,6,5.79,1.080
qwen2.5:0.5b,6,1,1,5.79,6,5.79,1.074
qwen2.5:0.5b,6,1,2,5.79,6,5.79,1.092
qwen2.5:0.5b,6,1,3,5.79,6,7.29,0.644
qwen2.5:0.5b,6,1,4,5.79,6,7.18,0.496
qwen2.5:0.5b,6,1,5,5.79,6,6.76,1.101
qwen2.5:0.5b,6,1,6,5.79,6,5.79,1.071
qwen2.5:0.5b,6,1,0,5.79,8,5.79,1.037
qwen2.5:0.5b,6,1,1,5.79,8,5.79,1.059
qwen2.5:0.5b,6,1,2,5.79,8,5.79,1.063
qwen2.5:0.5b,6,1,3,5.79,8,5.80,1.080
qwen2.5:0.5b,6,1,4,5.79,8,8.17,1.541
qwen2.5:0.5b,6,1,5,5.79,8,5.58,0.893
qwen2.5:0.5b,6,1,6,5.79,8,5.79,1.055
qwen2.5:0.5b,6,1,0,5.79,10,7.04,0.909
qwen2.5:0.5b,6,1,1,5.79,10,6.19,1.077
qwen2.5:0.5b,6,1,2,5.79,10,8.35,0.915
qwen2.5:0.5b,6,1,3,5.79,10,5.90,0.650
qwen2.5:0.5b,6,1,4,5.79,10,4.39,0.460
qwen2.5:0.5b,6,1,5,5.79,10,10.38,1.482
qwen2.5:0.5b,6,1,6,5.79,10,6.03,0.881
qwen2.5:0.5b,6,1,0,5.79,12,7.18,1.060
qwen2.5:0.5b,6,1,1,5.79,12,5.79,1.072
qwen2.5:0.5b,6,1,2,5.79,12,5.79,1.087
qwen2.5:0.5b,6,1,3,5.79,12,7.56,0.575
qwen2.5:0.5b,6,1,4,5.79,12,3.65,0.394
qwen2.5:0.5b,6,1,5,5.79,12,14.16,1.814
qwen2.5:0.5b,6,1,6,5.79,12,5.21,0.912
qwen2.5:0.5b,6,2,0,5.61,0,5.57,1.267
qwen2.5:0.5b,6,2,1,5.61,0,5.61,1.268
qwen2.5:0.5b,6,2,2,5.61,0,5.65,1.273
qwen2.5:0.5b,6,2,3,5.61,0,14.25,0.556
qwen2.5:0.5b,6,2,4,5.61,0,15.21,1.053
qwen2.5:0.5b,6,2,5,5.61,0,11.07,0.536
qwen2.5:0.5b,6,2,6,5.61,0,7.55,2.104
qwen2.5:0.5b,6,2,0,5.61,2,5.53,1.308
qwen2.5:0.5b,6,2,1,5.61,2,5.61,1.264
qwen2.5:0.5b,6,2,2,5.61,2,5.61,1.265
qwen2.5:0.5b,6,2,3,5.61,2,9.05,0.826
qwen2.5:0.5b,6,2,4,5.61,2,13.65,1.261
qwen2.5:0.5b,6,2,5,5.61,2,11.20,1660.233
qwen2.5:0.5b,6,2,6,5.61,2,5.56,1.408
qwen2.5:0.5b,6,2,0,5.61,4,5.89,1.105
qwen2.5:0.5b,6,2,1,5.61,4,5.61,1.200
qwen2.5:0.5b,6,2,2,5.61,4,5.57,1.272
qwen2.5:0.5b,6,2,3,5.61,4,5.95,1.438
qwen2.5:0.5b,6,2,4,5.61,4,9.63,0.572
qwen2.5:0.5b,6,2,5,5.61,4,10.94,1.160
qwen2.5:0.5b,6,2,6,5.61,4,5.61,1.306
qwen2.5:0.5b,6,2,0,5.61,6,5.53,1.258
qwen2.5:0.5b,6,2,1,5.61,6,5.96,1.640
qwen2.5:0.5b,6,2,2,5.61,6,5.61,1.282
qwen2.5:0.5b,6,2,3,5.61,6,8.07,0.616
qwen2.5:0.5b,6,2,4,5.61,6,13.93,1.122
qwen2.5:0.5b,6,2,5,5.61,6,8.92,1.264
qwen2.5:0.5b,6,2,6,5.61,6,5.53,1.267
qwen2.5:0.5b,6,2,0,5.61,8,5.52,1.125
qwen2.5:0.5b,6,2,1,5.61,8,5.65,1.262
qwen2.5:0.5b,6,2,2,5.61,8,5.82,1.391
qwen2.5:0.5b,6,2,3,5.61,8,6.59,0.551
qwen2.5:0.5b,6,2,4,5.61,8,13.60,1.285
qwen2.5:0.5b,6,2,5,5.61,8,6.85,1.003
qwen2.5:0.5b,6,2,6,5.61,8,8.50,1.092
qwen2.5:0.5b,6,2,0,5.61,10,7.94,1.189
qwen2.5:0.5b,6,2,1,5.61,10,5.62,1.298
qwen2.5:0.5b,6,2,2,5.61,10,5.61,1.312
qwen2.5:0.5b,6,2,3,5.61,10,13.11,0.566
qwen2.5:0.5b,6,2,4,5.61,10,8.92,0.951
qwen2.5:0.5b,6,2,5,5.61,10,5.57,1.265
qwen2.5:0.5b,6,2,6,5.61,10,5.69,1.123
qwen2.5:0.5b,6,2,0,5.61,12,5.61,1.260
qwen2.5:0.5b,6,2,1,5.61,12,5.50,1.273
qwen2.5:0.5b,6,2,2,5.61,12,5.65,1.270
qwen2.5:0.5b,6,2,3,5.61,12,12.12,0.610
qwen2.5:0.5b,6,2,4,5.61,12,15.30,1.051
qwen2.5:0.5b,6,2,5,5.61,12,12.73,1.858
qwen2.5:0.5b,6,2,6,5.61,12,5.86,1.272
qwen2.5:0.5b,8,0,0,7.91,0,8.92,1.043
qwen2.5:0.5b,8,0,1,7.91,0,8.35,1.091
qwen2.5:0.5b,8,0,2,7.91,0,9.14,1.524
qwen2.5:0.5b,8,0,3,7.91,0,8.22,0.586
qwen2.5:0.5b,8,0,4,7.91,0,11.12,1.170
qwen2.5:0.5b,8,0,5,7.91,0,7.86,0.980
qwen2.5:0.5b,8,0,6,7.91,0,10.08,0.921
qwen2.5:0.5b,8,0,0,7.91,2,9.84,0.868
qwen2.5:0.5b,8,0,1,7.91,2,7.86,1.160
qwen2.5:0.5b,8,0,2,7.91,2,7.62,1.399
qwen2.5:0.5b,8,0,3,7.91,2,11.33,1.040
qwen2.5:0.5b,8,0,4,7.91,2,10.33,0.969
qwen2.5:0.5b,8,0,5,7.91,2,7.86,1.188
qwen2.5:0.5b,8,0,6,7.91,2,8.18,1.090
qwen2.5:0.5b,8,0,0,7.91,4,8.37,0.790
qwen2.5:0.5b,8,0,1,7.91,4,8.50,0.940
qwen2.5:0.5b,8,0,2,7.91,4,7.93,1.121
qwen2.5:0.5b,8,0,3,7.91,4,19.02,0.707
qwen2.5:0.5b,8,0,4,7.91,4,12.09,1.606
qwen2.5:0.5b,8,0,5,7.91,4,9.37,1.113
qwen2.5:0.5b,8,0,6,7.91,4,7.74,1.182
qwen2.5:0.5b,8,0,0,7.91,6,9.13,1.012
qwen2.5:0.5b,8,0,1,7.91,6,8.24,0.938
qwen2.5:0.5b,8,0,2,7.91,6,8.22,1.066
qwen2.5:0.5b,8,0,3,7.91,6,9.43,0.655
qwen2.5:0.5b,8,0,4,7.91,6,9.51,1.721
qwen2.5:0.5b,8,0,5,7.91,6,7.86,1.160
qwen2.5:0.5b,8,0,6,7.91,6,9.38,1.259
qwen2.5:0.5b,8,0,0,7.91,8,7.82,1.080
qwen2.5:0.5b,8,0,1,7.91,8,9.65,1.029
qwen2.5:0.5b,8,0,2,7.91,8,7.98,0.790
qwen2.5:0.5b,8,0,3,7.91,8,9.64,1.071
qwen2.5:0.5b,8,0,4,7.91,8,12.34,1.705
qwen2.5:0.5b,8,0,5,7.91,8,7.58,1.193
qwen2.5:0.5b,8,0,6,7.91,8,7.91,1.153
qwen2.5:0.5b,8,0,0,7.91,10,10.24,0.928
qwen2.5:0.5b,8,0,1,7.91,10,7.32,1.208
qwen2.5:0.5b,8,0,2,7.91,10,7.81,0.953
qwen2.5:0.5b,8,0,3,7.91,10,7.99,1.133
qwen2.5:0.5b,8,0,4,7.91,10,12.80,1.722
qwen2.5:0.5b,8,0,5,7.91,10,8.18,1.333
qwen2.5:0.5b,8,0,6,7.91,10,4.69,0.776
qwen2.5:0.5b,8,0,0,7.91,12,9.89,0.844
qwen2.5:0.5b,8,0,1,7.91,12,7.63,1.115
qwen2.5:0.5b,8,0,2,7.91,12,7.91,1.181
qwen2.5:0.5b,8,0,3,7.91,12,10.56,1.077
qwen2.5:0.5b,8,0,4,7.91,12,9.38,1.417
qwen2.5:0.5b,8,0,5,7.91,12,15.93,1.567
qwen2.5:0.5b,8,0,6,7.91,12,11.80,0.935
qwen2.5:0.5b,8,1,0,7.74,0,10.46,1.050
qwen2.5:0.5b,8,1,1,7.74,0,9.83,0.914
qwen2.5:0.5b,8,1,2,7.74,0,8.55,1.096
qwen2.5:0.5b,8,1,3,7.74,0,6.59,0.643
qwen2.5:0.5b,8,1,4,7.74,0,12.73,0.827
qwen2.5:0.5b,8,1,5,7.74,0,10.03,0.940
qwen2.5:0.5b,8,1,6,7.74,0,12.04,1.067
qwen2.5:0.5b,8,1,0,7.74,2,11.29,1.036
qwen2.5:0.5b,8,1,1,7.74,2,11.05,1.098
qwen2.5:0.5b,8,1,2,7.74,2,10.96,0.916
qwen2.5:0.5b,8,1,3,7.74,2,9.52,1.002
qwen2.5:0.5b,8,1,4,7.74,2,11.15,0.841
qwen2.5:0.5b,8,1,5,7.74,2,11.08,0.570
qwen2.5:0.5b,8,1,6,7.74,2,12.49,1.407
qwen2.5:0.5b,8,1,0,7.74,4,10.49,0.981
qwen2.5:0.5b,8,1,1,7.74,4,13.08,1.069
qwen2.5:0.5b,8,1,2,7.74,4,9.21,0.982
qwen2.5:0.5b,8,1,3,7.74,4,9.10,0.811
qwen2.5:0.5b,8,1,4,7.74,4,13.61,1.373
qwen2.5:0.5b,8,1,5,7.74,4,10.35,0.805
qwen2.5:0.5b,8,1,6,7.74,4,13.28,1.230
qwen2.5:0.5b,8,1,0,7.74,6,10.99,1.134
qwen2.5:0.5b,8,1,1,7.74,6,9.79,0.926
qwen2.5:0.5b,8,1,2,7.74,6,10.59,1.122
qwen2.5:0.5b,8,1,3,7.74,6,8.00,0.663
qwen2.5:0.5b,8,1,4,7.74,6,11.20,1.309
qwen2.5:0.5b,8,1,5,7.74,6,8.86,1.037
qwen2.5:0.5b,8,1,6,7.74,6,9.46,0.954
qwen2.5:0.5b,8,1,0,7.74,8,11.07,1.175
qwen2.5:0.5b,8,1,1,7.74,8,9.73,1.099
qwen2.5:0.5b,8,1,2,7.74,8,11.92,0.960
qwen2.5:0.5b,8,1,3,7.74,8,10.94,0.698
qwen2.5:0.5b,8,1,4,7.74,8,12.46,1.287
qwen2.5:0.5b,8,1,5,7.74,8,11.58,1.039
qwen2.5:0.5b,8,1,6,7.74,8,12.44,0.994
qwen2.5:0.5b,8,1,0,7.74,10,9.35,1.164
qwen2.5:0.5b,8,1,1,7.74,10,10.28,0.965
qwen2.5:0.5b,8,1,2,7.74,10,13.23,1.086
qwen2.5:0.5b,8,1,3,7.74,10,12.59,0.490
qwen2.5:0.5b,8,1,4,7.74,10,10.72,0.947
qwen2.5:0.5b,8,1,5,7.74,10,10.13,1.216
qwen2.5:0.5b,8,1,6,7.74,10,10.09,1.184
qwen2.5:0.5b,8,1,0,7.74,12,9.03,1.104
qwen2.5:0.5b,8,1,1,7.74,12,8.54,1.100
qwen2.5:0.5b,8,1,2,7.74,12,11.36,1.112
qwen2.5:0.5b,8,1,3,7.74,12,14.52,1.076
qwen2.5:0.5b,8,1,4,7.74,12,10.96,1.168
qwen2.5:0.5b,8,1,5,7.74,12,12.38,1.132
qwen2.5:0.5b,8,1,6,7.74,12,8.88,1.071
qwen2.5:0.5b,8,2,0,8.22,0,11.98,0.838
qwen2.5:0.5b,8,2,1,8.22,0,8.01,1.026
qwen2.5:0.5b,8,2,2,8.22,0,8.20,1.001
qwen2.5:0.5b,8,2,3,8.22,0,8.63,1.060
qwen2.5:0.5b,8,2,4,8.22,0,12.49,0.884
qwen2.5:0.5b,8,2,5,8.22,0,8.22,1.112
qwen2.5:0.5b,8,2,6,8.22,0,9.84,0.671
qwen2.5:0.5b,8,2,0,8.22,2,8.34,1.168
qwen2.5:0.5b,8,2,1,8.22,2,8.23,0.962
qwen2.5:0.5b,8,2,2,8.22,2,8.73,1.007
qwen2.5:0.5b,8,2,3,8.22,2,13.74,0.587
qwen2.5:0.5b,8,2,4,8.22,2,9.52,2.053
qwen2.5:0.5b,8,2,5,8.22,2,8.26,0.848
qwen2.5:0.5b,8,2,6,8.22,2,9.09,1.003
qwen2.5:0.5b,8,2,0,8.22,4,8.08,1.135
qwen2.5:0.5b,8,2,1,8.22,4,7.88,1.023
qwen2.5:0.5b,8,2,2,8.22,4,10.21,0.898
qwen2.5:0.5b,8,2,3,8.22,4,4.00,0.436
qwen2.5:0.5b,8,2,4,8.22,4,11.68,1.054
qwen2.5:0.5b,8,2,5,8.22,4,3.75,0.905
qwen2.5:0.5b,8,2,6,8.22,4,11.42,0.806
qwen2.5:0.5b,8,2,0,8.22,6,8.01,1.014
qwen2.5:0.5b,8,2,1,8.22,6,8.76,1.473
qwen2.5:0.5b,8,2,2,8.22,6,8.14,1.108
qwen2.5:0.5b,8,2,3,8.22,6,9.30,0.589
qwen2.5:0.5b,8,2,4,8.22,6,12.74,1.497
qwen2.5:0.5b,8,2,5,8.22,6,12.13,1.318
qwen2.5:0.5b,8,2,6,8.22,6,10.99,0.807
qwen2.5:0.5b,8,2,0,8.22,8,10.21,1.221
qwen2.5:0.5b,8,2,1,8.22,8,9.73,0.953
qwen2.5:0.5b,8,2,2,8.22,8,10.00,0.430
qwen2.5:0.5b,8,2,3,8.22,8,11.15,0.507
qwen2.5:0.5b,8,2,4,8.22,8,13.90,0.976
qwen2.5:0.5b,8,2,5,8.22,8,9.06,1.393
qwen2.5:0.5b,8,2,6,8.22,8,8.22,1.162
qwen2.5:0.5b,8,2,0,8.22,10,9.67,0.840
qwen2.5:0.5b,8,2,1,8.22,10,7.74,1.018
qwen2.5:0.5b,8,2,2,8.22,10,8.01,1.092
qwen2.5:0.5b,8,2,3,8.22,10,8.10,1.044
qwen2.5:0.5b,8,2,4,8.22,10,11.51,0.887
qwen2.5:0.5b,8,2,5,8.22,10,10.78,1.254
qwen2.5:0.5b,8,2,6,8.22,10,8.66,1.098
qwen2.5:0.5b,8,2,0,8.22,12,8.01,1.106
qwen2.5:0.5b,8,2,1,8.22,12,8.61,1.452
qwen2.5:0.5b,8,2,2,8.22,12,10.12,0.630
qwen2.5:0.5b,8,2,3,8.22,12,9.56,0.843
qwen2.5:0.5b,8,2,4,8.22,12,12.33,0.910
qwen2.5:0.5b,8,2,5,8.22,12,9.19,1.010
qwen2.5:0.5b,8,2,6,8.22,12,8.88,0.892
qwen2.5:0.5b,10,0,0,10.07,0,12.78,0.729
qwen2.5:0.5b,10,0,1,10.07,0,10.60,1.458
qwen2.5:0.5b,10,0,2,10.07,0,11.53,0.707
qwen2.5:0.5b,10,0,3,10.07,0,7.76,0.609
qwen2.5:0.5b,10,0,4,10.07,0,14.96,0.660
qwen2.5:0.5b,10,0,5,10.07,0,9.68,0.980
qwen2.5:0.5b,10,0,6,10.07,0,10.66,0.834
qwen2.5:0.5b,10,0,0,10.07,2,14.88,0.726
qwen2.5:0.5b,10,0,1,10.07,2,10.25,0.845
qwen2.5:0.5b,10,0,2,10.07,2,13.73,0.529
qwen2.5:0.5b,10,0,3,10.07,2,11.09,0.456
qwen2.5:0.5b,10,0,4,10.07,2,14.10,1.359
qwen2.5:0.5b,10,0,5,10.07,2,9.98,0.992
qwen2.5:0.5b,10,0,6,10.07,2,10.79,1.421
qwen2.5:0.5b,10,0,0,10.07,4,9.94,1.358
qwen2.5:0.5b,10,0,1,10.07,4,12.29,0.623
qwen2.5:0.5b,10,0,2,10.07,4,9.88,1.712
qwen2.5:0.5b,10,0,3,10.07,4,13.38,0.534
qwen2.5:0.5b,10,0,4,10.07,4,9.60,1.295
qwen2.5:0.5b,10,0,5,10.07,4,5.78,1.055
qwen2.5:0.5b,10,0,6,10.07,4,10.30,1.331
qwen2.5:0.5b,10,0,0,10.07,6,6.72,0.564
qwen2.5:0.5b,10,0,1,10.07,6,10.11,1.035
qwen2.5:0.5b,10,0,2,10.07,6,10.10,1.512
qwen2.5:0.5b,10,0,3,10.07,6,12.45,0.774
qwen2.5:0.5b,10,0,4,10.07,6,9.78,0.526
qwen2.5:0.5b,10,0,5,10.07,6,10.26,1.578
qwen2.5:0.5b,10,0,6,10.07,6,12.13,0.616
qwen2.5:0.5b,10,0,0,10.07,8,12.66,0.955
qwen2.5:0.5b,10,0,1,10.07,8,11.68,0.930
qwen2.5:0.5b,10,0,2,10.07,8,10.10,1.500
qwen2.5:0.5b,10,0,3,10.07,8,12.48,0.990
qwen2.5:0.5b,10,0,4,10.07,8,8.80,0.621
qwen2.5:0.5b,10,0,5,10.07,8,10.10,1.514
qwen2.5:0.5b,10,0,6,10.07,8,10.75,1.489
qwen2.5:0.5b,10,0,0,10.07,10,9.82,1.511
qwen2.5:0.5b,10,0,1,10.07,10,9.62,1.349
qwen2.5:0.5b,10,0,2,10.07,10,12.81,1.040
qwen2.5:0.5b,10,0,3,10.07,10,13.09,0.641
qwen2.5:0.5b,10,0,4,10.07,10,3.65,0.446
qwen2.5:0.5b,10,0,5,10.07,10,9.87,1.338
qwen2.5:0.5b,10,0,6,10.07,10,10.20,1.120
qwen2.5:0.5b,10,0,0,10.07,12,10.76,1.473
qwen2.5:0.5b,10,0,1,10.07,12,7.86,0.535
qwen2.5:0.5b,10,0,2,10.07,12,8.90,0.488
qwen2.5:0.5b,10,0,3,10.07,12,15.02,0.490
qwen2.5:0.5b,10,0,4,10.07,12,11.84,0.989
qwen2.5:0.5b,10,0,5,10.07,12,10.87,2.356
qwen2.5:0.5b,10,0,6,10.07,12,10.79,1.474
qwen2.5:0.5b,10,1,0,10.10,0,10.01,1.483
qwen2.5:0.5b,10,1,1,10.10,0,7.21,0.540
qwen2.5:0.5b,10,1,2,10.10,0,9.62,1.837
qwen2.5:0.5b,10,1,3,10.10,0,12.38,0.788
qwen2.5:0.5b,10,1,4,10.10,0,13.25,1.201
qwen2.5:0.5b,10,1,5,10.10,0,0.83,0.718
qwen2.5:0.5b,10,1,6,10.10,0,10.52,0.870
qwen2.5:0.5b,10,1,0,10.10,2,12.01,1.441
qwen2.5:0.5b,10,1,1,10.10,2,11.76,2.056
qwen2.5:0.5b,10,1,2,10.10,2,11.47,1.425
qwen2.5:0.5b,10,1,3,10.10,2,12.41,0.660
qwen2.5:0.5b,10,1,4,10.10,2,16.26,1.251
qwen2.5:0.5b,10,1,5,10.10,2,10.03,1.697
qwen2.5:0.5b,10,1,6,10.10,2,9.61,1.805
qwen2.5:0.5b,10,1,0,10.10,4,12.91,1.452
qwen2.5:0.5b,10,1,1,10.10,4,9.66,1.143
qwen2.5:0.5b,10,1,2,10.10,4,9.53,1.205
qwen2.5:0.5b,10,1,3,10.10,4,11.40,1.081
qwen2.5:0.5b,10,1,4,10.10,4,16.22,1.272
qwen2.5:0.5b,10,1,5,10.10,4,3.85,0.972
qwen2.5:0.5b,10,1,6,10.10,4,11.46,1.566
qwen2.5:0.5b,10,1,0,10.10,6,10.19,1.767
qwen2.5:0.5b,10,1,1,10.10,6,12.03,1.614
qwen2.5:0.5b,10,1,2,10.10,6,10.62,1.573
qwen2.5:0.5b,10,1,3,10.10,6,11.35,0.801
qwen2.5:0.5b,10,1,4,10.10,6,5.41,0.487
qwen2.5:0.5b,10,1,5,10.10,6,10.17,1.789
qwen2.5:0.5b,10,1,6,10.10,6,9.82,2.983
qwen2.5:0.5b,10,1,0,10.10,8,13.66,1.075
qwen2.5:0.5b,10,1,1,10.10,8,11.48,1.557
qwen2.5:0.5b,10,1,2,10.10,8,11.42,1.428
qwen2.5:0.5b,10,1,3,10.10,8,14.44,0.492
qwen2.5:0.5b,10,1,4,10.10,8,12.65,1.222
qwen2.5:0.5b,10,1,5,10.10,8,10.46,1.345
qwen2.5:0.5b,10,1,6,10.10,8,9.65,1.998
qwen2.5:0.5b,10,1,0,10.10,10,9.36,1.918
qwen2.5:0.5b,10,1,1,10.10,10,9.78,1.485
qwen2.5:0.5b,10,1,2,10.10,10,10.17,2.602
qwen2.5:0.5b,10,1,3,10.10,10,11.96,0.614
qwen2.5:0.5b,10,1,4,10.10,10,15.55,1.046
qwen2.5:0.5b,10,1,5,10.10,10,8.37,1.329
qwen2.5:0.5b,10,1,6,10.10,10,15.29,0.715
qwen2.5:0.5b,10,1,0,10.10,12,11.83,1.262
qwen2.5:0.5b,10,1,1,10.10,12,10.08,0.871
qwen2.5:0.5b,10,1,2,10.10,12,10.56,1.656
qwen2.5:0.5b,10,1,3,10.10,12,12.97,0.953
qwen2.5:0.5b,10,1,4,10.10,12,14.47,0.726
qwen2.5:0.5b,10,1,5,10.10,12,10.35,0.947
qwen2.5:0.5b,10,1,6,10.10,12,9.02,1.072
qwen2.5:0.5b,10,2,0,10.20,0,14.62,1.013
qwen2.5:0.5b,10,2,1,10.20,0,12.34,0.699
qwen2.5:0.5b,10,2,2,10.20,0,11.67,0.900
qwen2.5:0.5b,10,2,3,10.20,0,13.61,0.797
qwen2.5:0.5b,10,2,4,10.20,0,12.24,0.897
qwen2.5:0.5b,10,2,5,10.20,0,12.85,0.864
qwen2.5:0.5b,10,2,6,10.20,0,11.09,0.732
qwen2.5:0.5b,10,2,0,10.20,2,12.70,1.033
qwen2.5:0.5b,10,2,1,10.20,2,10.72,0.905
qwen2.5:0.5b,10,2,2,10.20,2,10.47,0.887
qwen2.5:0.5b,10,2,3,10.20,2,11.69,0.614
qwen2.5:0.5b,10,2,4,10.20,2,8.18,0.559
qwen2.5:0.5b,10,2,5,10.20,2,1.99,0.699
qwen2.5:0.5b,10,2,6,10.20,2,11.16,0.836
qwen2.5:0.5b,10,2,0,10.20,4,10.61,0.793
qwen2.5:0.5b,10,2,1,10.20,4,12.06,0.911
qwen2.5:0.5b,10,2,2,10.20,4,13.57,0.808
qwen2.5:0.5b,10,2,3,10.20,4,13.02,0.727
qwen2.5:0.5b,10,2,4,10.20,4,9.03,0.939
qwen2.5:0.5b,10,2,5,10.20,4,5.87,0.737
qwen2.5:0.5b,10,2,6,10.20,4,11.61,0.837
qwen2.5:0.5b,10,2,0,10.20,6,11.74,0.999
qwen2.5:0.5b,10,2,1,10.20,6,12.04,0.919
qwen2.5:0.5b,10,2,2,10.20,6,11.12,1.050
qwen2.5:0.5b,10,2,3,10.20,6,10.73,0.449
qwen2.5:0.5b,10,2,4,10.20,6,4.25,0.482
qwen2.5:0.5b,10,2,5,10.20,6,14.29,0.623
qwen2.5:0.5b,10,2,6,10.20,6,10.76,0.973
qwen2.5:0.5b,10,2,0,10.20,8,11.99,0.996
qwen2.5:0.5b,10,2,1,10.20,8,10.41,1.014
qwen2.5:0.5b,10,2,2,10.20,8,11.80,0.746
qwen2.5:0.5b,10,2,3,10.20,8,13.23,0.554
qwen2.5:0.5b,10,2,4,10.20,8,11.29,1.054
qwen2.5:0.5b,10,2,5,10.20,8,11.76,0.803
qwen2.5:0.5b,10,2,6,10.20,8,13.22,0.781
qwen2.5:0.5b,10,2,0,10.20,10,10.07,0.992
qwen2.5:0.5b,10,2,1,10.20,10,13.24,0.785
qwen2.5:0.5b,10,2,2,10.20,10,11.30,0.939
qwen2.5:0.5b,10,2,3,10.20,10,11.17,0.611
qwen2.5:0.5b,10,2,4,10.20,10,13.30,1.570
qwen2.5:0.5b,10,2,5,10.20,10,12.02,1.074
qwen2.5:0.5b,10,2,6,10.20,10,9.32,4.857
qwen2.5:0.5b,10,2,0,10.20,12,12.91,0.857
qwen2.5:0.5b,10,2,1,10.20,12,12.49,0.834
qwen2.5:0.5b,10,2,2,10.20,12,11.74,0.817
qwen2.5:0.5b,10,2,3,10.20,12,9.26,0.451
qwen2.5:0.5b,10,2,4,10.20,12,12.94,0.821
qwen2.5:0.5b,10,2,5,10.20,12,12.30,0.839
qwen2.5:0.5b,10,2,6,10.20,12,13.08,0.735
qwen2.5:0.5b,12,0,0,11.81,0,13.56,0.820
qwen2.5:0.5b,12,0,1,11.81,0,11.48,2.353
qwen2.5:0.5b,12,0,2,11.81,0,13.49,1.245
qwen2.5:0.5b,12,0,3,11.81,0,5.68,0.442
qwen2.5:0.5b,12,0,4,11.81,0,16.05,1.244
qwen2.5:0.5b,12,0,5,11.81,0,12.47,1.444
qwen2.5:0.5b,12,0,6,11.81,0,15.66,0.880
qwen2.5:0.5b,12,0,0,11.81,2,13.64,1.418
qwen2.5:0.5b,12,0,1,11.81,2,12.19,2.656
qwen2.5:0.5b,12,0,2,11.81,2,13.08,2.128
qwen2.5:0.5b,12,0,3,11.81,2,15.48,0.629
qwen2.5:0.5b,12,0,4,11.81,2,15.57,0.995
qwen2.5:0.5b,12,0,5,11.81,2,15.20,0.762
qwen2.5:0.5b,12,0,6,11.81,2,11.57,1.298
qwen2.5:0.5b,12,0,0,11.81,4,11.86,2.295
qwen2.5:0.5b,12,0,1,11.81,4,11.95,2.449
qwen2.5:0.5b,12,0,2,11.81,4,11.92,0.691
qwen2.5:0.5b,12,0,3,11.81,4,15.22,0.526
qwen2.5:0.5b,12,0,4,11.81,4,12.67,1.531
qwen2.5:0.5b,12,0,5,11.81,4,3.82,0.944
qwen2.5:0.5b,12,0,6,11.81,4,12.34,2.214
qwen2.5:0.5b,12,0,0,11.81,6,11.77,2.728
qwen2.5:0.5b,12,0,1,11.81,6,11.80,2.274
qwen2.5:0.5b,12,0,2,11.81,6,13.24,1.087
qwen2.5:0.5b,12,0,3,11.81,6,13.04,0.536
qwen2.5:0.5b,12,0,4,11.81,6,15.87,1.153
qwen2.5:0.5b,12,0,5,11.81,6,10.50,3.484
qwen2.5:0.5b,12,0,6,11.81,6,8.93,1.164
qwen2.5:0.5b,12,0,0,11.81,8,12.54,2.914
qwen2.5:0.5b,12,0,1,11.81,8,11.68,3.018
qwen2.5:0.5b,12,0,2,11.81,8,10.77,1.851
qwen2.5:0.5b,12,0,3,11.81,8,13.79,1.449
qwen2.5:0.5b,12,0,4,11.81,8,16.42,1.082
qwen2.5:0.5b,12,0,5,11.81,8,11.81,2.668
qwen2.5:0.5b,12,0,6,11.81,8,13.73,0.824
qwen2.5:0.5b,12,0,0,11.81,10,15.30,1.688
qwen2.5:0.5b,12,0,1,11.81,10,13.03,2.218
qwen2.5:0.5b,12,0,2,11.81,10,13.08,0.847
qwen2.5:0.5b,12,0,3,11.81,10,12.00,0.562
qwen2.5:0.5b,12,0,4,11.81,10,14.96,1.157
qwen2.5:0.5b,12,0,5,11.81,10,13.86,1.624
qwen2.5:0.5b,12,0,6,11.81,10,12.35,1.019
qwen2.5:0.5b,12,0,0,11.81,12,11.29,2.211
qwen2.5:0.5b,12,0,1,11.81,12,11.50,2.541
qwen2.5:0.5b,12,0,2,11.81,12,14.74,1.721
qwen2.5:0.5b,12,0,3,11.81,12,14.27,0.475
qwen2.5:0.5b,12,0,4,11.81,12,12.05,2.667
qwen2.5:0.5b,12,0,5,11.81,12,11.47,2.791
qwen2.5:0.5b,12,0,6,11.81,12,12.60,1.852
qwen2.5:0.5b,12,1,0,11.54,0,9.16,1.318
qwen2.5:0.5b,12,1,1,11.54,0,10.97,2.476
qwen2.5:0.5b,12,1,2,11.54,0,10.76,1.182
qwen2.5:0.5b,12,1,3,11.54,0,10.07,1.843
qwen2.5:0.5b,12,1,4,11.54,0,10.92,1.777
qwen2.5:0.5b,12,1,5,11.54,0,9.87,1.026
qwen2.5:0.5b,12,1,6,11.54,0,9.78,1.693
qwen2.5:0.5b,12,1,0,11.54,2,9.64,1.686
qwen2.5:0.5b,12,1,1,11.54,2,10.95,2.410
qwen2.5:0.5b,12,1,2,11.54,2,11.54,1.372
qwen2.5:0.5b,12,1,3,11.54,2,14.71,0.749
qwen2.5:0.5b,12,1,4,11.54,2,11.34,1.373
qwen2.5:0.5b,12,1,5,11.54,2,9.70,1.446
qwen2.5:0.5b,12,1,6,11.54,2,10.64,1.222
qwen2.5:0.5b,12,1,0,11.54,4,10.00,1.456
qwen2.5:0.5b,12,1,1,11.54,4,10.52,2.082
qwen2.5:0.5b,12,1,2,11.54,4,10.50,2.185
qwen2.5:0.5b,12,1,3,11.54,4,9.81,0.890
qwen2.5:0.5b,12,1,4,11.54,4,10.03,1.713
qwen2.5:0.5b,12,1,5,11.54,4,3.74,0.993
qwen2.5:0.5b,12,1,6,11.54,4,9.45,1.730
qwen2.5:0.5b,12,1,0,11.54,6,11.13,1.754
qwen2.5:0.5b,12,1,1,11.54,6,11.68,1.597
qwen2.5:0.5b,12,1,2,11.54,6,10.79,1.732
qwen2.5:0.5b,12,1,3,11.54,6,9.86,1.128
qwen2.5:0.5b,12,1,4,11.54,6,11.12,0.982
qwen2.5:0.5b,12,1,5,11.54,6,10.60,2.289
qwen2.5:0.5b,12,1,6,11.54,6,11.38,2.473
qwen2.5:0.5b,12,1,0,11.54,8,11.26,1.785
qwen2.5:0.5b,12,1,1,11.54,8,10.85,2.338
qwen2.5:0.5b,12,1,2,11.54,8,10.88,2.136
qwen2.5:0.5b,12,1,3,11.54,8,12.45,0.675
qwen2.5:0.5b,12,1,4,11.54,8,12.44,2.042
qwen2.5:0.5b,12,1,5,11.54,8,11.25,1.799
qwen2.5:0.5b,12,1,6,11.54,8,10.30,1.686
qwen2.5:0.5b,12,1,0,11.54,10,10.28,1.710
qwen2.5:0.5b,12,1,1,11.54,10,10.02,1.681
qwen2.5:0.5b,12,1,2,11.54,10,11.28,2.196
qwen2.5:0.5b,12,1,3,11.54,10,11.38,0.590
qwen2.5:0.5b,12,1,4,11.54,10,11.50,1.286
qwen2.5:0.5b,12,1,5,11.54,10,11.41,1.170
qwen2.5:0.5b,12,1,6,11.54,10,12.33,1.260
qwen2.5:0.5b,12,1,0,11.54,12,10.72,1.452
qwen2.5:0.5b,12,1,1,11.54,12,9.39,1.890
qwen2.5:0.5b,12,1,2,11.54,12,11.25,2.528
qwen2.5:0.5b,12,1,3,11.54,12,11.89,1.187
qwen2.5:0.5b,12,1,4,11.54,12,3.65,0.471
qwen2.5:0.5b,12,1,5,11.54,12,12.29,1.887
qwen2.5:0.5b,12,1,6,11.54,12,11.51,2.345
qwen2.5:0.5b,12,2,0,11.65,0,11.78,1.133
qwen2.5:0.5b,12,2,1,11.65,0,11.61,1.137
qwen2.5:0.5b,12,2,2,11.65,0,13.45,1.103
qwen2.5:0.5b,12,2,3,11.65,0,12.69,0.659
qwen2.5:0.5b,12,2,4,11.65,0,10.73,1.083
qwen2.5:0.5b,12,2,5,11.65,0,12.12,1.008
qwen2.5:0.5b,12,2,6,11.65,0,14.43,0.944
qwen2.5:0.5b,12,2,0,11.65,2,12.05,1.042
qwen2.5:0.5b,12,2,1,11.65,2,9.59,0.946
qwen2.5:0.5b,12,2,2,11.65,2,10.56,1.192
qwen2.5:0.5b,12,2,3,11.65,2,12.22,0.913
qwen2.5:0.5b,12,2,4,11.65,2,9.80,1.101
qwen2.5:0.5b,12,2,5,11.65,2,11.65,0.791
qwen2.5:0.5b,12,2,6,11.65,2,7.27,0.591
qwen2.5:0.5b,12,2,0,11.65,4,11.26,1.247
qwen2.5:0.5b,12,2,1,11.65,4,12.77,1.154
qwen2.5:0.5b,12,2,2,11.65,4,10.95,1.147
qwen2.5:0.5b,12,2,3,11.65,4,11.20,1.177
qwen2.5:0.5b,12,2,4,11.65,4,13.59,1.499
qwen2.5:0.5b,12,2,5,11.65,4,3.09,0.616
qwen2.5:0.5b,12,2,6,11.65,4,11.02,1.332
qwen2.5:0.5b,12,2,0,11.65,6,12.48,1.196
qwen2.5:0.5b,12,2,1,11.65,6,12.65,2.741
qwen2.5:0.5b,12,2,2,11.65,6,13.84,1.083
qwen2.5:0.5b,12,2,3,11.65,6,9.02,0.539
qwen2.5:0.5b,12,2,4,11.65,6,14.67,0.607
qwen2.5:0.5b,12,2,5,11.65,6,12.57,0.919
qwen2.5:0.5b,12,2,6,11.65,6,10.89,1.608
qwen2.5:0.5b,12,2,0,11.65,8,12.55,0.954
qwen2.5:0.5b,12,2,1,11.65,8,11.82,1.164
qwen2.5:0.5b,12,2,2,11.65,8,12.69,0.935
qwen2.5:0.5b,12,2,3,11.65,8,12.00,0.618
qwen2.5:0.5b,12,2,4,11.65,8,13.80,0.868
qwen2.5:0.5b,12,2,5,11.65,8,12.62,1.245
qwen2.5:0.5b,12,2,6,11.65,8,7.21,1.086
qwen2.5:0.5b,12,2,0,11.65,10,10.71,1.035
qwen2.5:0.5b,12,2,1,11.65,10,13.79,1.039
qwen2.5:0.5b,12,2,2,11.65,10,11.50,1.294
qwen2.5:0.5b,12,2,3,11.65,10,14.10,0.631
qwen2.5:0.5b,12,2,4,11.65,10,12.78,0.617
qwen2.5:0.5b,12,2,5,11.65,10,17.82,0.692
qwen2.5:0.5b,12,2,6,11.65,10,11.15,0.897
qwen2.5:0.5b,12,2,0,11.65,12,12.20,1.100
qwen2.5:0.5b,12,2,1,11.65,12,13.27,1.098
qwen2.5:0.5b,12,2,2,11.65,12,13.11,0.950
qwen2.5:0.5b,12,2,3,11.65,12,11.77,0.894
qwen2.5:0.5b,12,2,4,11.65,12,7.58,0.525
qwen2.5:0.5b,12,2,5,11.65,12,11.17,1.782
qwen2.5:0.5b,12,2,6,11.65,12,12.84,0.755
